white,d0pYVGtFUTVlZlFJc0VITW8rMmFuSTR3NVBndzhMWk4zcFdCMHNyRmlFQzNBSm8zZGdVZFBDZXk4cTJ5OSszaw==
fight me,d0pYVGtFUTVlZlFJc0VITW8rMmFuS0tVcHZpeEFXUnF1N21vaUMzbHkxa21XNzQyN0ZoVkw1VU9FM2VaT3ZJbQ==
pink,Z0FMbzNhUGRWNjdwd1M3V2FJRjlZb3A2U3VPYThnWkxXdTMwYlN4WktHbjVKUlQrU3ZpUnB4cEhWejEzb1k4RQ==
pink,Z0FMbzNhUGRWNjdwd1M3V2FJRjlZcDF3cjF3WURpcm01MGlpbWtkaTJVVGlVTVF6clhtaE5GWDcvbVFxZXV2Wg==
white,SXNGZjBVZjNoSVNhSVJyMGliWHhRSjlGeGt3QWZqOW52MUxTSG1wSkdtZ3BXTFZrV1ZBYVRsUHVyd3NSMUVPeg==
brown,SXNGZjBVZjNoSVNhSVJyMGliWHhRQ1V0TXBYM2VhelFHNmFHT3FhWTQrRHp3Q2NmNnlWRjRpL1hWUXFMZVI4aA==
girl gray clothes,MENqeWJ1T2l4REoyek11eUp3QTFiRUhySEY5OWVYMitIeXlHNXIvOGErWWRmNFdqUEg0SGJqaDd3cEh6UVk1Sg==
panda,MENqeWJ1T2l4REoyek11eUp3QTFiT1NOYXZxTlNvaDlwQVh1M2FoOTl4VzB5UTQ2SlZ0cGVITHgwaWcrRVZ5Uw==
bone,cVhEeGtSckNMYStKRXl0c2JFN2lyVUpsamsrR1JncFhvblViUnQvcHBSUUw3cnp6TGQxalhicEFiT3lKdUFzdQ==
apple,cVhEeGtSckNMYStKRXl0c2JFN2lyWUlBalhiS3VCSE5ydFZ5bGJoeER4dWcxakxya0VJNVFhQ1Zxc21lODNJWQ==
blue hair,SWJDbmVOb21RSnBrbXhaSm9UN2lGVVY1Y2FjckZMczIvSktybVlUV3VLYlhPdldBT3hCRGxUZ0hUMXl6emtSODVnZzgxbHl6a1FjS3BBZldsMzF3WGc9PQ==
blue hair,SWJDbmVOb21RSnBrbXhaSm9UN2lGVVY1Y2FjckZMczIvSktybVlUV3VLWXZDTi8rT2p0bXBUK3VNRkZBTE40dFB5NUsxOTE5RzIwUmxjdk9PK2lPQ1E9PQ==
yellow,SHJlcDlhMHNQUXNkbnUwWnVsNmVRcE9jVE5BaHpHS3FvcXNIVFA1U2NsNTk4OER4N29xbVhFN2xWb0Vwc2JKS21BTnBubWtjN2FWL2ZPcE9jZ2dGRFE9PQ==
stand,SHJlcDlhMHNQUXNkbnUwWnVsNmVRcE9jVE5BaHpHS3FvcXNIVFA1U2NsNTdWb2RGYmViR0o2ZlRqRmF5MGFvSjB5cDE4SVQxZG55NUJudFRkUXkxcVE9PQ==
fishing,aVNaWW9McmgvQm9hM213WVRSMzNQQ01VejJwdFpzbjRSN1Z3RmF3S2tEUkFDT08wNUJKd0h1bVk2UGJGNnp5bA==
fishing,aVNaWW9McmgvQm9hM213WVRSMzNQQ01VejJwdFpzbjRSN1Z3RmF3S2tEUlVCZklLem1CcVpQNE9KTXZENzBOSQ==
eat,ZEFOd3J5dUNKc3loY2ZhckU2WUgzSTZoNmFsRHNtekZNTkx0dXhZMEpzN0Z1MEF0YlpROUcwRUhXc0gzMGxHaw==
eat,ZEFOd3J5dUNKc3loY2ZhckU2WUgzSTZoNmFsRHNtekZNTkx0dXhZMEpzNzZmSkdvT1NOYWYrRkpyMW1jWWpKeg==
right,eWRoK0NEdHpLK0V5YndVS0l2RWZNZ3Z6TnQ5MEJtZzdRQm82enovUnNtazVKNVNiblBuNS84OFhHUjZhdzlrcA==
right,eWRoK0NEdHpLK0V5YndVS0l2RWZNbjgrVnpxdFJvSkhqZE9waW9lQlJDcGJybFE3ci8rWDdpbFQxYVptc01jWg==
doll,NWNqZ1BxMmEvaVF1Wm1CYW5JU0JqdEdKYjJPSlcyWkZNK0wyNElzbzd3VTNDa0NsSVZTSHNrNTdreHFxTVc1OQ==
doll,NWNqZ1BxMmEvaVF1Wm1CYW5JU0Jqdi85UUtxZlRKNWU2WDRrY09Vb0xFWHpUV29xVm5lNi9QSWwzcXpDWENUag==
lion,QzN1Y2paZGltOUpuMEZPc2c4V25tU1pqRDZSQ3VNelhuYXFleUJ2eWdiU29qUWtiNmNKempQRzBsTmRMQ1JqZHpLOGpobU9DakZCdkptdld4WkcxR0E9PQ==
lion,QzN1Y2paZGltOUpuMEZPc2c4V25tU1pqRDZSQ3VNelhuYXFleUJ2eWdiVDRheFJzcDIvUkJvVDQ5ZTd3TXpZakVlSTFRY1gwY0k5NXhzZlVrTEZCWHc9PQ==
black hair,ZnpRMUhPYWhEUVlyblM0N21WQ2FreEhvWmtuYVZLQzFlVmh1T2cvWWlLdDhuaE1tSlV6Q1RVUU10VmJQSmtIemZ6ais0LzZFRGdybTZJY3MwUjhvSVE9PQ==
black hair,ZnpRMUhPYWhEUVlyblM0N21WQ2FreEhvWmtuYVZLQzFlVmh1T2cvWWlLc0tFbzFwS0hqSTFoMm8rWGNyR253UlNpZUdOaGpGNG5CVTl2T2lzVU91ZFE9PQ==
lion,QzN1Y2paZGltOUpuMEZPc2c4V25tU1pqRDZSQ3VNelhuYXFleUJ2eWdiUklkZk5lbWN6QTR1SGJXR0N2aVFWaHdpaXY2VFR3aG9JOElqaHBkSnJ1SWc9PQ==
,ZnNVaEVHdFdRdUpDM2ZNZjJmWmxqU0VlRkVzZmlUbVJZRXIxODVrWUtnME5lUkErVGthdGFRRUtCSklTd3NPKw==
pizza,ZnNVaEVHdFdRdUpDM2ZNZjJmWmxqZWNIa3VIWlVGcG1rampiTVpqNXlJYWJaYnNGOE82aUgyYTFWc3JQdkliRA==
no eyebrow,TTNZbXBJbGwra2lQZ0JQeGEwVVlrVlhDeTV1SHp6UjNhVk1uUGhtNUNsdWkxblNrSVUydllaRGZDNlhGRWdZNWRSYm1ycFhaaDdneFk5eTkzK3NYd0FhY1RHd2txMVNjK3h1NjR6SlVCejkrMCs3dk5TekRrV3duSmZjUXpnRHM=
no eyebrow,TTNZbXBJbGwra2lQZ0JQeGEwVVlrVlhDeTV1SHp6UjNhVk1uUGhtNUNsdWkxblNrSVUydllaRGZDNlhGRWdZNWRSYm1ycFhaaDdneFk5eTkzK3NYd0pvbk5VSE4wV0g1ckx1VjVHT0pFeU5KSWxBK1RYa0lDbDdFUGQ5a3NlSmY=
gold,bDU5M3RYVWFQS0RUSUUxbDVVM1crQmgxVDhJdm5SWG51Vjh3N0d2MldiNDFabU4wNzFSdGI2VldzNU5NeXJ5Vg==
gold,bDU5M3RYVWFQS0RUSUUxbDVVM1crRjVkQmIzM3I5a1Bpa0pwcXZyZXdwUGxpOS9ySW0vMll5RXpWV1gwQ2VsLw==
scythe,WXN2QS8vUWJ2V0xrMXp6dnhuU3FKVFlxc1JPRnJoYUo4S3o2ekc1RzFFeEFuL0FrSlpIYkJwdlo2TDI4RS9vUjNyVkpHQ25CT2F2a0dQSFZld1FWSHN2L1V5Z04xQVJ0TUZmUlFWU0F6NGxVLzUwejYxNXVFT0RManV2eTFpa3Q0YVgvNGxKUWVVVnZvRmNwM202N3JRPT0=
boy black clothes,WXN2QS8vUWJ2V0xrMXp6dnhuU3FKVFlxc1JPRnJoYUo4S3o2ekc1RzFFeEFuL0FrSlpIYkJwdlo2TDI4RS9vUjNyVkpHQ25CT2F2a0dQSFZld1FWSHN2L1V5Z04xQVJ0TUZmUlFWU0F6NG00bUZWTzdzem1vQlN2Ni84STJBUWowTm1EdjZid2tmblVTZXRBK3NmUnl3PT0=
green,d0pYVGtFUTVlZlFJc0VITW8rMmFuTUZtcDRaUFdLd1BTeXZhRUFaQ09vMVNiVGRwcWFqaDFJNFpCZkE0QjUzeQ==
green,d0pYVGtFUTVlZlFJc0VITW8rMmFuSVpZaHEwclRCOVhsWnRqdUNjRno4NUR6OHhXRFVqdHBpeFArTUxaa1hldA==
green,dkpqUytWZFIzNm5sazBWQTY4bEpQSWlYRktkQThmRWRKd1JFQjIwYWxXWFMxMmZRUnBldXV2UURGWXFNSWJESg==
green,dkpqUytWZFIzNm5sazBWQTY4bEpQQVBWdnNmOTR4SFYvZWFQdjIyK3dqeGdsVGdLNk1XeUdqQmNydUN6dGVIdg==
brown,WVJaMkZiN1I2Zk5WaTNJSWRJVXBRQVJyRjNJTzE5NERzaTVVMzRES2xNU1Y3Z2x5M1QwbGlySWUrR2ZrMDc3bndPYW43V1d4RkMrUGJYT1RQY2ZpS1E9PQ==
muscle,WVJaMkZiN1I2Zk5WaTNJSWRJVXBRQVJyRjNJTzE5NERzaTVVMzRES2xNU1RuZUdhQzEySS9reG9SSng4S1RSRDFBT0EycllkSUVXL1RYdW9wbHRNclE9PQ==
brown,MlFiVUtmM0dTc1JvNDhQM2R2Ymg1d0Y4Z2xyY25VOWpTVlpoSDVsT3M2YzZQSEwvRXpjM0VCd1NUVUFDUWNHdA==
lazy,MlFiVUtmM0dTc1JvNDhQM2R2Ymg1NDNyNTBoY1dsM2pnb2NUVXhndUxpMHZ4NzF5WDh0Y3d0WlpPUmJHcXhWUQ==
brown,OWc5Z056T0ZGUEFCNXNsRU1tT2JCNmd1Z0VUczROeDBxNFBQTXROelBWYU5qWHVFNWQxSjA1TTVsdmNXcm5WVg==
brown,OWc5Z056T0ZGUEFCNXNsRU1tT2JCOWhxMVNnL2FBaWNZZXg3VHlKVXNObU1tMnhEYTQ3cmh6K2phdmpYSDlPUA==
left,VjBJOFVYNG1VNy9RWUdFZ2lRMm95ZHNSSHdvb0wzMmtUWDBNM1pnTGcxbzJ4cVcvQmxaNms5SE9BZEZkdW4wSg==
left,VjBJOFVYNG1VNy9RWUdFZ2lRMm95Wmxtb2ZsRTRZQ3lDd1BsSFJBcDgrYVhsL0Q2MzEwY24ybWdNMDA3SjBNWg==
injured,cVVFTURJWjFaMURUakhUM2IvSmJrQm5pWGE1NmlrT0Jtd1NNMm82cWl1bEFoR1JqTGRVZHNBU2VvMGJkU0l6K1JCZ0JlOFhhUDJOVnJqSW0wNWhHc2c9PQ==
injured,cVVFTURJWjFaMURUakhUM2IvSmJrQm5pWGE1NmlrT0Jtd1NNMm82cWl1a2pQSWFPenlKRHgxYktWNS81d0d6QWF1QkpwUXlCNm1PMHZhdE5xZVJVRGc9PQ==
brown,MmxTZWlkQ0Q4MG5SRnV2NWhPdnhPbkxBZWZ6ZjZkSHhGbUNGRHBpM2dOejh4eUU0eTdRQXBrMURSMVN2NFN2TA==
brown,MmxTZWlkQ0Q4MG5SRnV2NWhPdnhPcmw3bUV3ZnVmd2EvVTdkVk1ZbkcvQ2lZRVNHZXk0MktlNEZUT2o0c1FweA==
pikachu,S0lQUXhTTVkzQzdPSlhQTFdWOG91czl4TnduM2h2bVJqbWJHQzBOOWd6bGZNY2NUY3dENkpBL0EyT0lNVm1PRA==
flower,S0lQUXhTTVkzQzdPSlhQTFdWOG91czl4TnduM2h2bVJqbWJHQzBOOWd6bS85aDUvcDJsSlJOdzh1bDRMWXF2Ug==
yellow skin,bWppb0M5blNHSis2YTk2RnZVZkxjUUc5M1F3bkZyeE5KcEhZSG0rZVMwbCtSWGFLRVF2L2JtZit6RjBpVnBQWUZJWFJ6RkxTRVpaZzE2dFhsamhsWWcvK08zbG1oQnpiUlFmdVdhWEFMZUU9
green shell,bWppb0M5blNHSis2YTk2RnZVZkxjUUc5M1F3bkZyeE5KcEhZSG0rZVMwbCtSWGFLRVF2L2JtZit6RjBpVnBQWTRCYUU1cFhWSWpjRlRXTm4zenJsM1NvUWhITTMwUUlMOVlnakg5VTNVYVU9
pikachu,MThjZG1KeWNuRzlkSEUxUEJZNlhOZ3JlaFZoZFk3V1Nha01VZnE0VHFDd0pRaThobG92RDA3Z3NMOG1KOUhEag==
pikachu,MThjZG1KeWNuRzlkSEUxUEJZNlhOZ3JlaFZoZFk3V1Nha01VZnE0VHFDeWNVUVBEa09rMElDQ0p6ajdhZzNKdA==
white fur,azZSQlQ4cDdXazZvT0ZBUWZQNmdCL082TG9yN3FRY3dGWnZvdDVIallraGpWRktXS2tjQUVGM1R0S0Z3VGNmNDYvS3dMU1lGYTVjRkdLckFBUVlXUVE9PQ==
white fur,azZSQlQ4cDdXazZvT0ZBUWZQNmdCL082TG9yN3FRY3dGWnZvdDVIallrZ2QrNVZWWVhQeHJNMGpuZ2xSdEVtcnNLSFFPaWFUSUtJblJaTEhoQ2QwNHc9PQ==
white fur,akJnTk1VK3NRT3ZDdjVRaHl2bk9oSi9PZVpESnpLYjI0ejBQSjBWTXVWbUNOeG04dWlGdkdzVG5uVUU2bU5hcVBZbnlONVNWTk1YVGVDVFhoS2gvQ0E9PQ==
white fur,akJnTk1VK3NRT3ZDdjVRaHl2bk9oSi9PZVpESnpLYjI0ejBQSjBWTXVWbWF2RU5hRDZ2TE51K1lKdGNMVjViclRwWUd5TkNPMVA3bk5UREdyN25vSkE9PQ==
yellow skirt,UEhYcEFyazlDUFNXYkl5VDUwRXNMRWxZYXdmTkdPTG5nNjFKY1lCT0ZqdWo3aTYvUGZlc2pjWVY2ZFN1Mzk4Y1ZteWVRcm9XNjBybDZDaUE5RG9oWmc9PQ==
yellow skirt,UEhYcEFyazlDUFNXYkl5VDUwRXNMRWxZYXdmTkdPTG5nNjFKY1lCT0ZqdGZBdVFzRmVNRUxBT2ZLb1pxRW1IK0I1VERCYW9EaGpaTTdIR3dpdVdURWc9PQ==
white fur,akJnTk1VK3NRT3ZDdjVRaHl2bk9oSi9PZVpESnpLYjI0ejBQSjBWTXVWa0V1ZGFtK1gzT0g3VDRZK1FnU00zallZL3ZqMFd1dmdzSXZaaTh0SXpsZWc9PQ==
white fur,akJnTk1VK3NRT3ZDdjVRaHl2bk9oSi9PZVpESnpLYjI0ejBQSjBWTXVWazhVbGNCaXFPSzVFS1RFa2hwbEpheFdRc1FSU213Ly9FT2JDUTRKUTYwN2c9PQ==
red,ZnoyRkJFenY5eit6MExmSHNmcTdvaElvYWZMOFdjbGxZMkZtZjR1N2JFdjB1T2V3U0t0cEhrdFRGdERPSDFWMQ==
red,ZnoyRkJFenY5eit6MExmSHNmcTdvdmo1MldGdDlaNHNKOXg2NTBUY3NPWW1CRmMxbFRJSTA3Vm5LT2NRcnE0Zw==
right,Q0RoMnJVZG1oc3VjZ0QwOFBrVkQwVllHUzZ0S3lJT2NhRHhIRDNDQmVLZXhxV1JmU0xieENaZ3ZRdE9WbVI5NQ==
right,Q0RoMnJVZG1oc3VjZ0QwOFBrVkQwWFplMGhJQlRnU3JvcXdHajEwOTh2cVIxVVpTa01RTzBjZ3dHa291Zkd5Nw==
right,di9mbS90WnhKSFZRL05pQ1FvZTNlYjZNTDBoZDBHMXdDNGp1VWZxQThFOFMxekNsanErWDNNTFgxUWtQT1U4NA==
above hand,di9mbS90WnhKSFZRL05pQ1FvZTNlYmVJZ28vZm5JTXVmeWRhdEl3MUpVb2F2NVNORUF4REdPYUhyZ2J3cldEdw==
coffee,Z1pPem1PU241ZGxQSDJjQUdWTWFiczA4ek15N2ZFV2wvM1dLVFNXOGVSUDZ1aWhTdkc0aDF4d3pUQlFCS1VROQ==
yellow,Z1pPem1PU241ZGxQSDJjQUdWTWFia0t2WHozazFRV2hLL2E2d1BVc25ILzFleEF1T2lpejRkbldVc1YyNnh4OQ==
easily,R3NjVmRlZDdKaTNYZ1BQT3hpbkFoclJWb2FYbkF2MmlGUG9INmwrL1N2aWVrZjZuaWxKUjVOa2VzanhWck5seg==
golf,R3NjVmRlZDdKaTNYZ1BQT3hpbkFoaHh1VG1haXk1bHJLR21pMEQrdlNlT1pkYkF2SlJpK2FxUGYxV0JrM1FPWA==
green clothes,NjZDUHc5TXArS3JvWnQyUjhXTllieTVHVGZvV2dZUWs1WHZ4eWYyeU1tRTJWKzl0cWhjRGJPQkZnVU9xalRZTy9aSG9PZ3dUWnFET3ErMDZneWdxSGc9PQ==
green clothes,NjZDUHc5TXArS3JvWnQyUjhXTllieTVHVGZvV2dZUWs1WHZ4eWYyeU1tR0NZM1RWb20wbFVWN0t4bWo4ZU4rdDdDdDZpUWY3VDNoSlpJZUdmcXdFRXc9PQ==
easily,ZlExUzZiSEVlYnNsM0xhUnVEbXZ4OHVrUVNtMTZJUjV2eHp2ZnhqTVpVWjVKanJOV0dDZW1xTVRuaHZmaitxeA==
easily,ZlExUzZiSEVlYnNsM0xhUnVEbXZ4OHIrb1V3N2pVVUE4K3l3MFc0QXhKdnovSjFvSFVSdHo2bTFKZzduMitueg==
eat,ekQ2RVhQUkFnbW4wNUxDWGFDa0RFeFc4ZDgyUUJHdnRXME9NbWhvL0MxbzJFMlhlNFN4U3dPdk5JNjBmZUNPZDFrNU9MeHFFQ05EY3M3eTRRNWUrM1FwRFpoc3E4RmFBUzRsL1VscGVRd0sxOXg0NmFhdjVFVGdDaCtxWUtwaXpBb09Tbk4xcEJFMG9PaWcrVCtqVHBDaVhpOGJtNzFzQUo5ZVNTRnpvZUNrPQ==
girl black skirt,ekQ2RVhQUkFnbW4wNUxDWGFDa0RFeFc4ZDgyUUJHdnRXME9NbWhvL0MxbzJFMlhlNFN4U3dPdk5JNjBmZUNPZDFrNU9MeHFFQ05EY3M3eTRRNWUrM1FwRFpoc3E4RmFBUzRsL1VscGVRd0sxOXg0NmFhdjVFVGdDaCtxWUtwaXpHdTBXRy8rckp6cFEyUGkwV29pM2ZCMUhxcHZNams5a3dvUC91OVFoN3BnPQ==
brown,UHZ2OEJUZjk1N3o0S28vdnUwcytncmo5UTcwekJPRnRBRU8vbGFsRnlPMnpyMnU3WUh4UHA1S2srMzFsblA5SQ==
brown,UHZ2OEJUZjk1N3o0S28vdnUwcytndFhVR1dSQkEwcG4vKzM5VTczNG9qWFF3U0g2SE9Gam5ubkVvS0RiMDhoMg==
scythe,ZEFOd3J5dUNKc3loY2ZhckU2WUgzSTZoNmFsRHNtekZNTkx0dXhZMEpzN01lZEU4dTNuam1UanJRdndJRFNFYQ==
eat,ZEFOd3J5dUNKc3loY2ZhckU2WUgzSTZoNmFsRHNtekZNTkx0dXhZMEpzNUxCVENzakFsOWhpL0gxY0JESjg1NQ==
basketball,MnFwTlJKeno2a0N6NmJPd2pYVkk5K1l3MHhGQ1M2YU5MNGZJbjBsd2p2eWNKdE55ZnliOTl2R2hVb2p3Q3AzY1VhVTF1TU5Bc2tkdnUvNWlXZEJzcEE9PQ==
basketball,MnFwTlJKeno2a0N6NmJPd2pYVkk5K1l3MHhGQ1M2YU5MNGZJbjBsd2p2enpGRDcwZVBTVTJKblQ1b2tKZGdXTEtpQXBGTUZMZmtCMmFScHJXQmphM1E9PQ==
brown hat,RGxyQkhIZXkraE1XSS9EVFpIaVZsSUFhWVZhSGdpdVRzREZZV1lkdTJFUUZCeVc5UEU0andVbXBjREFjRTBSVVc0Rkk3V29Va0VHMUVPbDJuZ003djBlQXRIeWNPR1NudlRKRmljRmdQQVk9
pikachu,RGxyQkhIZXkraE1XSS9EVFpIaVZsSUFhWVZhSGdpdVRzREZZV1lkdTJFUUZCeVc5UEU0andVbXBjREFjRTBSVWFGTnByd2RkcVJHSlppcGRlMjlwVTcxajhZQzl1ZUFrMXZraTdGWkFaTWM9
fishing,aVNaWW9McmgvQm9hM213WVRSMzNQQ01VejJwdFpzbjRSN1Z3RmF3S2tEVHowUkFPRHU2MDFSZm5SdkI0VHRLag==
basketball,aVNaWW9McmgvQm9hM213WVRSMzNQQ01VejJwdFpzbjRSN1Z3RmF3S2tEU09IZ05scFU5aEF2MkE3MWtlb1JYcA==
swim,YzRuaHlQZVptYVRGck5nUnFSc3pSUEtTRGpPSDBIMlNMZEFCTjVRNXMvQ2tNcDYrd1ZiTEJyU1hsSTRvdnNIZw==
swim,YzRuaHlQZVptYVRGck5nUnFSc3pSRUJGYjRTZFdwR1poV09qNjNLc3pqeEtmT3Avb3JyWHljbHpWRXdTRnlZQg==
swim,azZSQlQ4cDdXazZvT0ZBUWZQNmdCL082TG9yN3FRY3dGWnZvdDVIallrZ3Z1SVU3OFE1WGFTUGM0VHVCazhEYk9nclJySjFJUjlzNEdDV0ZKczdWcVE9PQ==
red hat,azZSQlQ4cDdXazZvT0ZBUWZQNmdCL082TG9yN3FRY3dGWnZvdDVIallraDVMdFJXSTNkY2cvNGZVeVRnSnhrM04yK2xsTWtzcUdaU08wOGsvYzgwdkE9PQ==
smile,TXZ2RXBmRmU0YnVzRnNMY0xnUDBrNEsxblh6aCsxWWZtMElyNUJSQnltRjVzQUpJR1Nhak9nei9FTDduTFpPTw==
smile,TXZ2RXBmRmU0YnVzRnNMY0xnUDBrM01QOEljdWwzTDY3Z0FDRE5sQjJUbmZOY3kxZlYvdVVuTjQ0RzVBK3Mvbg==
not fat,RUgvaFkrSm5LNkhzd3JlSWtwN1ZSYU1wODJiak1RYmtNM2xWajZJMlhDWFEwbU5ac3dpQUZjeDRDOENDUGxocW1tSXAzZ2RheU44aUNCQy80cDl2Q3c9PQ==
brown shell,RUgvaFkrSm5LNkhzd3JlSWtwN1ZSYU1wODJiak1RYmtNM2xWajZJMlhDWDlOQmZjaTVFYThYM0xlaDdwcVlOKzFhWkRrTVEwSklubTRhdmVlS3RKOVE9PQ==
panda,MDZhWEJ3RUlSVHFab08vS29VRnNMdll6QnR4cmdoNlBrNEhxajZDRGg2cDl5NVhGckpvZXNwVzExUWw3M0dpeTgwUllWWUpIOVlOTlNIZWJYQmMxdkE9PQ==
panda,MDZhWEJ3RUlSVHFab08vS29VRnNMdll6QnR4cmdoNlBrNEhxajZDRGg2clVqR1ppNnV3UkFhV21oSkF4ZGR5K1MrMGFvYU9ibEMvdW1JZEs1WW9nclE9PQ==
not fat,MnQ4WlVrbWJZK2dlakRLWUZwY0hGM216QkxhY0dyM3J2bFR4SVhROWNzZWMyYTNQdGpNd05QSGNXa3VPdVJkcA==
not fat,MnQ4WlVrbWJZK2dlakRLWUZwY0hGOXRrRnNjb1BvYU5JbHJCM255Q3Y0S01kcUR0ckd0SFFmRlRNUC9RLzhGbw==
muscle,WUdSTkN0TUxpSVV5UlphdEE1eGpvMHIzaVFzUnc2NzlBaDdEU2p4aFNjZnN2cWxlS2xqTlZOa0RpUUo1ZWRTTg==
muscle,WUdSTkN0TUxpSVV5UlphdEE1eGpvK0dicGNXQWpHS2xnSlRRa01Uc2tUYnk3ZmRCTUtaMHI1bFJZVTFpYis0NA==
muscle,WVJaMkZiN1I2Zk5WaTNJSWRJVXBRQVJyRjNJTzE5NERzaTVVMzRES2xNUXJIdU5tbmRGc3gwT2NjQ0NUUFg2QU4wR2UrSDdubkxoVURSM2JKYmhYUmc9PQ==
horse,aUJFZWQrYzU1MndTRThMWjVEQXNqSklydVhYSmJyTW95cnYzZGZvdDBmNnczMzF1b2cxTXNYcm1CNWcwbll5ZA==
horse,aUJFZWQrYzU1MndTRThMWjVEQXNqRmcwazl5UWIrNW9qb0xKU0dGQlU2TklzckhJMEttS015bTdnSlpJRDM3bw==
yellow hair,UzEwVWdnNjY0Y0twZXZHUWRYZmVwL1ZESE9kZmppTXhTNDlKeEpIdEVYdmtSNzFFc0lLWXQ3OXR2R2dLODVwL1o3MTBrb1hhdW85NHhtQ3FaaEFZVEE9PQ==
white cloud,UzEwVWdnNjY0Y0twZXZHUWRYZmVwL1ZESE9kZmppTXhTNDlKeEpIdEVYc1hvMEduOXpUWFgzc3l3TVZobEhxR2Q1Ym1KOC84a3dQYzRCUUYzOGZ4Ync9PQ==
,ODg4SGNZYWdWT1d2OGhwMytrRHJYRDF1dTh4bTliYXZoYUl0Y3dON1ljTVBHYmZKQXNZWE9XMlVhV0VKNFJOTlczdDNmN2p6UnZ4UG1BUW1BK2JKQ1E9PQ==
tail,ODg4SGNZYWdWT1d2OGhwMytrRHJYRDF1dTh4bTliYXZoYUl0Y3dON1ljTnBDclJlYmdLVXM5SjY0dUs2NUpUbE1OTXBKTEhucUlLME0vaHltZGlWWFE9PQ==
beer,cDVaN3JQN0x2MDIvTDAxVnkxanBkSnpaQmVVOVR5b25nMUFSdktnVHI3TlBUWjdGRUc5OFBIWENVaTlNbVNxRg==
beer,cDVaN3JQN0x2MDIvTDAxVnkxanBkSnpaQmVVOVR5b25nMUFSdktnVHI3TStOczFFdHNXT3pYMkZzcmpYY0dDRQ==
coffee,RDVaM0doVDdXTzFldjFtUVdTdURXQno2VlJmYUVCbkY2MGJzazlaZ2VLbXpldzdDZ2x6N1ZudWxCQ1VrVGFPRnZ3L3poMXRVUFRQWHVMQXB6RkhSRlE9PQ==
coffee,RDVaM0doVDdXTzFldjFtUVdTdURXQno2VlJmYUVCbkY2MGJzazlaZ2VLbVluSTJSSllTTnpqTXhmVlo5S3dwQU1qWnpWS0QyVUNwUTIxUzZIN3Fqb1E9PQ==
white background,MThBdmNJK0hnOTBlZmtvb2ppaE5hdlhTZ2ZnOWpKSjJzY3UzRDYrMWlZdHF2RlR1UVYzMXpnb2FhZkFsVjZQUUN0V0Y4ckpKNWFLZU5GVHllV0w1a20ydS9rV09hRXlJSVAyVFZJaUgvczg9
white background,MThBdmNJK0hnOTBlZmtvb2ppaE5hdlhTZ2ZnOWpKSjJzY3UzRDYrMWlZdHF2RlR1UVYzMXpnb2FhZkFsVjZQUVpmRXJtZjlnNDFvR1dBa3lSemo4WmJ5aE1HYkY5TVIvYS9tQVJVK0xiaHM9
white,L0RkK1lrZG82bXg4R1M2TUxwQ1J4eUdZNysvTlRCeUdLdFhaQnBRNnZPUnpCMVFJSk5QMG1nRlFRV0J2MGVrVA==
green clothes,L0RkK1lrZG82bXg4R1M2TUxwQ1J4L1hab0l0YmdPbFg3NC9VOEsvNGhvdXJySWx1OXUvck5YL1RZTXNpelQ2cQ==
right,Q0RoMnJVZG1oc3VjZ0QwOFBrVkQwUXNMRENuMWFqWDZCN0tudlhBek1Zc1gvRHg4d081T0JneFFxZTBqK1FRYg==
muscle,WUdSTkN0TUxpSVV5UlphdEE1eGpvK0EyYUFrSzhzOTVBN3MxOW5pam5NYzBlcGFPQUgwVEJmenBlUXlRQ0cxcg==
brown,NjFWcUR4UWxQSXczRlNhWkxKM0NRbjRNcng4NFNYRHpDS3VMelhtS09BUmdsWUM3R3dPRUVqbUNGd0FoYWorQQ==
green hat,NjFWcUR4UWxQSXczRlNhWkxKM0NRdWZuYmVxcHA5ek9sdjJ4dG9DM01jdC9RZm9seWc2L3kybEpJODRoTUwvRQ==
green hat,blBaUUhwUjdiTmFDZk15ZGFaN3NrUFRqRFVTeHlKWXp5b0lrRHhiWXc2UHIrNE02MEtQczAxcThwSU94ekNrNWJ6UzZ5NXRrTFBiRC9sZmZINkxDTUE9PQ==
green hat,blBaUUhwUjdiTmFDZk15ZGFaN3NrUFRqRFVTeHlKWXp5b0lrRHhiWXc2T2c4Zi9JQU9JczdTRDBBeVR6L0ZXV1gzZit5LzNBM0JPVDlxNExoMVJQdlE9PQ==
candy,QnRrWkZKYnlEdnRya1VGSitGZ0p5cmUyK1NQZEZlaExtYzNwQmRVdjRWWWFlZm1BQ1J3Zmg2VXU3dnB3MTR5cg==
candy,QnRrWkZKYnlEdnRya1VGSitGZ0p5cmUyK1NQZEZlaExtYzNwQmRVdjRWWXd0bThNSWtGZHFVRG00UFVSY0tLVQ==
fight me,dkF1cjlPU0NNRDY2UGs5U0hKRUVZem12N0xOTW1Xa2ZhL1NRTUsxNUU2WGQzSkFYQVdkTk1KUWl6bXlpV0Z2Zkw4Z3BQT2FMaDRBNTJldy9COE5EM2c9PQ==
gold,dkF1cjlPU0NNRDY2UGs5U0hKRUVZem12N0xOTW1Xa2ZhL1NRTUsxNUU2VmpkcGZyUDJiZVRGNTN4a2M2UjIxU1BVdTNQZEdmSDF4Q1JKdS9hdEt1aXc9PQ==
phone,MThjZG1KeWNuRzlkSEUxUEJZNlhOZ3JlaFZoZFk3V1Nha01VZnE0VHFDeHNCM2hwbkZSTTR5TkliMmF2cDQybw==
red tail,QWpHYWpNS09hbmgxUmVNMXJHNkg3TDFaNHVGWFQ4NjBaUWJxYXg5eUVLYXZxNDNkU3hVZmFnZXlpeEJIRGZwanZwb2V6aGcyb3NYbWxNM25HWllIbEE9PQ==
blue hair,QWpHYWpNS09hbmgxUmVNMXJHNkg3TDFaNHVGWFQ4NjBaUWJxYXg5eUVLWVVWUmdRQVFJUUdhRkRwZWVvcmFsdFh0UmpCT3JBWWNaaFFDcUY3KzlXcGc9PQ==
red tail,MDZhWEJ3RUlSVHFab08vS29VRnNMdll6QnR4cmdoNlBrNEhxajZDRGg2cElibGs2UHZqNTlDMjFycWxIbFNXTysyVk5YaksyM3hXOHM1SUtFV29zTEE9PQ==
panda,MDZhWEJ3RUlSVHFab08vS29VRnNMdll6QnR4cmdoNlBrNEhxajZDRGg2cStPK3hKYlkrZFlhS0VNUHU3UjJnck1mRWxZaDM1NVpHQlhKcWNLUTdibEE9PQ==
blue hair,UTZoRjdwNEdiM1VmVmNVN0UvNk5WcGhLQ3kxRTNqTlpvTyt6YVgrdHNFL1pJWVRDQmxLbi82a1V1bHJuTnVKNEVjY1ovdG52MW9uWmFxakRsdXdrcUE9PQ==
blue hair,UTZoRjdwNEdiM1VmVmNVN0UvNk5WcGhLQ3kxRTNqTlpvTyt6YVgrdHNFL294d0ZUV1FHYWczMVNsMUoxdHdlb2p0UVlaMUkxbjJoNklydGs5OXNjZ0E9PQ==
coffee,Yk1nSTBaQXhWNXV6NURJbldkaUFUNGVaemlXNUlqNFZxeE1qc0lsOXhHMElQZWJ2Y3lXWEgwR0RKVGpQeERBQg==
coffee,Yk1nSTBaQXhWNXV6NURJbldkaUFUNWk3YlJoN21hYUhlNWgwaW5KeFV2Qk1qWXAzajZ3K0ZhelJWenRJa25SUw==
girl black skirt,ekQ2RVhQUkFnbW4wNUxDWGFDa0RFeFc4ZDgyUUJHdnRXME9NbWhvL0MxbzJFMlhlNFN4U3dPdk5JNjBmZUNPZDFrNU9MeHFFQ05EY3M3eTRRNWUrM1FwRFpoc3E4RmFBUzRsL1VscGVRd0sxOXg0NmFhdjVFVGdDaCtxWUtwaXo2UndGS1o0T1FFbFZ0emdzTDcwSlhzQTJ4aFkrc3VGUjF5MHpIQjZqeHA0PQ==
lazy,ekQ2RVhQUkFnbW4wNUxDWGFDa0RFeFc4ZDgyUUJHdnRXME9NbWhvL0MxbzJFMlhlNFN4U3dPdk5JNjBmZUNPZDFrNU9MeHFFQ05EY3M3eTRRNWUrM1FwRFpoc3E4RmFBUzRsL1VscGVRd0sxOXg0NmFhdjVFVGdDaCtxWUtwaXpEbThyMWNqeXl2WFNjeVVmS3RtZ3R2cThVU05ZME1OeHg2MjIybUowVUljPQ==
coffee,MlFiVUtmM0dTc1JvNDhQM2R2Ymg1ekxXOE42Y3FWbE44Nm9QNGxQQ05XYU0rcEFBWGcrWmE5U3dNVzlMSFRxNw==
lazy,MlFiVUtmM0dTc1JvNDhQM2R2Ymg1L0FmdFdDVUtnUnBXVWlaeWgyK21QRmk0TlVjdXB2TUl3T1JYSWltbzdUWQ==
black mask,TGVXTGdINVJzWTNYNEhyd2pJdEZOQ3pMTTM5VzEzbnllRDJhUUdXQlMrVGhrVEFzL29UQ0xuNzZqN0xCbDNhY2ZOdVBBa2VQT0pvNmR4VFhBU3daK0E9PQ==
black mask,TGVXTGdINVJzWTNYNEhyd2pJdEZOQ3pMTTM5VzEzbnllRDJhUUdXQlMrVHJRSFY2d0pjL0x3Y1h2T2ladWJ3bkpOSWwzTHRSWEZHUytFTFVSN3k5T3c9PQ==
glasses,Umg1cXBYVThOclhyQkUrRTU3T2hHd2NJUGRRYzNjeitoTUtOLzYxcWI5N2x4VlJHMEFzOXNmQTM2R25lYXhQQ29LMFpGUisvaGo2SVBmNW5NeXNoQWc9PQ==
sun,Umg1cXBYVThOclhyQkUrRTU3T2hHd2NJUGRRYzNjeitoTUtOLzYxcWI5N2x4VlJHMEFzOXNmQTM2R25lYXhQQ2U3QWErNjYzdGNyLzJ2T1R4OTFBZmc9PQ==
zzz,RDA3RGFhUWJLeHl0UXJrTGVZNTBFNE5qVEJxK0tTTjJyS2NqeExmYnNyR3ZPWU5HV01ZVzhaWVd2T2lCc0lpWS9vT09zTTFuUnovTnhrK3JyRHBJeWc9PQ==
zzz,RDA3RGFhUWJLeHl0UXJrTGVZNTBFNE5qVEJxK0tTTjJyS2NqeExmYnNyR0o2KzBBK0RucXNabEwrMDBoTnB1WEVhWUk1SHEzWks5REF0TTYydWFIWFE9PQ==
meowy,Z0MyUFcrOVFGVnBjSUhCUkg1STJrUW5MWjJZOVQ5WEw3OVcyVno0UWhPbnBIUkZzL1psNmtSSlVmOWVNVzY2Ng==
fist,Z0MyUFcrOVFGVnBjSUhCUkg1STJrY3FiWXRuTVRxb3pDK3ZOMnp4SlFCY2hYYzVVR2NoS2xiQmZaSnhkcGd0ag==
brown shell,RUgvaFkrSm5LNkhzd3JlSWtwN1ZSYU1wODJiak1RYmtNM2xWajZJMlhDVSt1SHFMVEpFZnprNXNIVnB1V3RYdy9hTkhhSkt6c2xOVWFPNzNHYlRSTnc9PQ==
brown shell,RUgvaFkrSm5LNkhzd3JlSWtwN1ZSYU1wODJiak1RYmtNM2xWajZJMlhDVkJVbG1Ib2tmNEszOWYrSlpYSDU2bTN4Y2VCN2QydEczMFJvaVo4VnIxUVE9PQ==
yellow,UUFBZitoZGU4MTlMTk9zY0FCZ1VuVUl4Y21XRXhGSFJwYUN2ZXN1eTcxSEsvMXpTYUcyTmthSVdzdEtsN0dmN05SWjhDUWRoWXB4Z0x3aE1ZUlh6akE9PQ==
brown,UUFBZitoZGU4MTlMTk9zY0FCZ1VuVUl4Y21XRXhGSFJwYUN2ZXN1eTcxRnJlZVhVYWpvOWtmRStLOWJuY2E0THpwYmxNV1hvbXlBS1NsZlRWb3ljN3c9PQ==
fork,K3pEa2wvSDJZaDRvblViaUdFZ24yM2R3ck1SMldlci9BQUdnZGhxUU0yOCtjSFlIc1JMQUEybGJCUXJ5SUdGOA==
write,K3pEa2wvSDJZaDRvblViaUdFZ24yM2R3ck1SMldlci9BQUdnZGhxUU0yOE1zcXZiMnVobEtYZkREU1VBdE5EYQ==
eating,OU9ka0p1QWxBUzEvU3JKWEVpU2Q3NFlFaDdDV1BLUERKblZXUWFBTUNGT0dFcVc2WVIzcUtxNE0xLzZhNEg3Nw==
eating,OU9ka0p1QWxBUzEvU3JKWEVpU2Q3eXUvOS9SWkxGVm5raEtadlZwOVd0TXZDUG5MV2w2ci9yTzRaeTU0YjNydg==
yellow,Q1RFSGJEYVZpdGFEeVhVd1NldmVnMVhKRTloVlZLZlpDVE1rZ01CdGZzR2h5QTBUQ2dibnJyclllSEl5UmVPdg==
yellow,Q1RFSGJEYVZpdGFEeVhVd1NldmVnL2g1eHcxRFJXTHhVZVJrSEE3d3ZxR1ZKcXErM1NqamdRMlIyakp4OW5ONQ==
fight me,dkF1cjlPU0NNRDY2UGs5U0hKRUVZem12N0xOTW1Xa2ZhL1NRTUsxNUU2VXlUQWZFNEtWWm51WXA0cU5rdTV6T2NzaHJZdFVKdi9YcmV3MUh2WlhuQ0E9PQ==
silver,dkF1cjlPU0NNRDY2UGs5U0hKRUVZem12N0xOTW1Xa2ZhL1NRTUsxNUU2WDBuM0hoNlovT2NBQnoxd3k2OElVOXY5U3lPckhxMGg0VWVUN3g4YnBkWnc9PQ==
green clothes,NjZDUHc5TXArS3JvWnQyUjhXTllieTVHVGZvV2dZUWs1WHZ4eWYyeU1tRWJMdDB5SlU5cWRIdytiN0R4a0tFbXlNbFJIRUZqMFk1UzNRWTAvZ2Qramc9PQ==
yellow,NjZDUHc5TXArS3JvWnQyUjhXTllieTVHVGZvV2dZUWs1WHZ4eWYyeU1tSGgwMExRME44ck8wbHlSYmlJaUZadFgrbGRUTjM1bE5QQVZUaCtpRFNQRnc9PQ==
brown,UUFBZitoZGU4MTlMTk9zY0FCZ1VuVUl4Y21XRXhGSFJwYUN2ZXN1eTcxRis4TW5QYmsyZHZidjlPZDNiNFU5S3ZmZ0xMSzRyZzNQS3hCcTFZN2toeUE9PQ==
scythe,Uy9GeVlNaDBSYXpEdi9jNmpUV0U5VUQ0U0pMRm5nWmpVZHhIZGZWMWloeUowTmZjeWZTYklDN0Q5TkVRaWw3QUdhUkFxbGs2YjRqc1dUVWJiWGxoYXc9PQ==
scythe,Uy9GeVlNaDBSYXpEdi9jNmpUV0U5VUQ0U0pMRm5nWmpVZHhIZGZWMWlody84U2hSZUNMVHhmOUoyNjlkUDhpZXFHSnZzMGsvbnlUVkU0cEJ0ZUoxaEE9PQ==
silver,UHZ2OEJUZjk1N3o0S28vdnUwcytnamo0OUNuNFlhcllMajUxYmxibUhzdzFKSmFkWXZzV1piMUxDN3M4a1hzdg==
up,UHZ2OEJUZjk1N3o0S28vdnUwcytndFg4eWZXWUVGWVFmWGJSdU5aazRrczBOR1N3M01rQzJ5akV2QUZybG9Reg==
scythe,bnNXa09TbDZLMnhMRWFzOFFLMUJyN1djZUFyMFFUOVc3NS9WWjhObGVDc2JXUTR0eFduQnRWb2xScWhFV1B5Wg==
silver,bnNXa09TbDZLMnhMRWFzOFFLMUJyeVY1SWlMZ1F0QmFMTmw2NS9oWjFRa3pGVnIzYzNKMWlVQnl3Y3d2QjVhVA==
blue pillow,UGZRczRyalVFU1ZROW9QQVFQNEJ1Nm04SWE2UjdWeTEvN3R5VnhxbENNNmhEb1lVT3YxSVk3V2gxMGYrYm5UYjFIYitpK2JhbnA0SkxJTWg0cVZSTnc9PQ==
blue pillow,UGZRczRyalVFU1ZROW9QQVFQNEJ1Nm04SWE2UjdWeTEvN3R5VnhxbENNNjJNcEwvWGRCZ3NOZDNJTzFBSmV2TnlhcEJaRk9ZdkY0RUhCcXV2MStHR2c9PQ==
blue pillow,dWpQaVU4dlRZSmg4VlVCTTNvMjZ1ZTNJSU1nczZLYkhOSXJtbmRxWWFUZFp3dGpNcVAvNHFKUWJQeFFidmkwWnQxTTNJN3RZOEZIc1NIOXNXdktSUXc9PQ==
blue pillow,dWpQaVU4dlRZSmg4VlVCTTNvMjZ1ZTNJSU1nczZLYkhOSXJtbmRxWWFUZFZlMmJ2Zk8rNGlMOG5EcjYwaUZlbUcwRFlveXZHaU0wTDRUNjBSWjM5bVE9PQ==
brown hair,VmtnbHd5V0dXd0VkOVNtTWl0am5jKzluMWh3cm5PVVNoQ0R3eU9mSCtKZWl0Rzl5RzVRL1NzZnJYeUxUVGVrSUVnWVZjT1M0aUhZRW4rWW1nQUhzR2VCMjlEc0QxYzZickxqeDhlUEhSVlU9
brown hair,VmtnbHd5V0dXd0VkOVNtTWl0am5jKzluMWh3cm5PVVNoQ0R3eU9mSCtKZWl0Rzl5RzVRL1NzZnJYeUxUVGVrSUR3ZGxYczFzdTRXWVhvQ0EvNWpNdW4vNDRFdXF1YnI0Q3lNS2lTY1R1Vjg9
phone,SnNvYmZmbGZhVkszTWN6RmVML0RSME9JRVFJMkNtVTZJcHJBekJhK0EzWm9OWlNRY21CUXNDdVlTMmM2NjVDUQ==
phone,SnNvYmZmbGZhVkszTWN6RmVML0RSOEVIbWZZdUZXMlFVNGFTOTlGckVKYVhHYWkzS3NjQmdmZWhsaHB5T3I4Uw==
phone,Z0FMbzNhUGRWNjdwd1M3V2FJRjlZa1czcEhYemVWeDNZaFdMQ2dLMkxMOXVWenlVdW1SUVFJY2xGdUtWTmNpdA==
pink,Z0FMbzNhUGRWNjdwd1M3V2FJRjlZbWZydExsUkZOOE9uaGdLUklBTVpoWk1BcTJGY1JGSlR5M1lrQSsrakI3MQ==
sing,bjBmTjdVUkd0MWVNMzlwdmd3WndhalRKUWNoWHNYVXp4ZEx4WWZ6R1RRczF5UXhRczROUVMwaFJLcTdMTk5kRGtJbTdNSFl3bXZ1RUQzY3FaQ1dQRmc9PQ==
sing,bjBmTjdVUkd0MWVNMzlwdmd3WndhalRKUWNoWHNYVXp4ZEx4WWZ6R1RRdGNrSmVNTFcwS1QrOGltYUZJODFRSnEreVNxUWlUVkthcmFmb0I2QlhIRGc9PQ==
sing,UjZ1Q1ErcnhkTjdkZnJFaTFQS1hSTDQrZFhmbDl2RmpheXJEcVV5NGNwN1hIZkhQdDhLNXRMUGFFbjdpa2crNQ==
doll,UjZ1Q1ErcnhkTjdkZnJFaTFQS1hST0EzdVpuWDluNjlGcUdFaHFWem5WWUpmaEFWRXZ2Rk1tV0dMNUdubWRiTQ==
white,L0RkK1lrZG82bXg4R1M2TUxwQ1J4M3hFU2NISkFIaXlxMUNLWEM5TTFDL2lyUU1SUEVIZ0FYZ2ZrUGhZTUZBeg==
white,L0RkK1lrZG82bXg4R1M2TUxwQ1J4MWwxdWd1bmNqZGVkYzUzYktxYTRVNlZlQXlqUVNpc01KQWowbHY2bGJWRg==
muscle,WUdSTkN0TUxpSVV5UlphdEE1eGpvNHVVVitvbzhYTXZKUXZwQlRjS1I1akgwaUJsZVpnQndqaGdTRU54bktjUw==
king,WUdSTkN0TUxpSVV5UlphdEE1eGpvNjVmWVRHdm5zclA5TEF4UllLaXRyS3JySVpJT1BOOS9pOXRzOHNOYkxOUw==
meowy,bWppb0M5blNHSis2YTk2RnZVZkxjUUc5M1F3bkZyeE5KcEhZSG0rZVMwbCtSWGFLRVF2L2JtZit6RjBpVnBQWWNaMGVGK0FlaThSR1g0ZjdZY1QwaVNCUndJTll1R1JsUVhiRXoxM0R2Kzg9
yellow skin,bWppb0M5blNHSis2YTk2RnZVZkxjUUc5M1F3bkZyeE5KcEhZSG0rZVMwbCtSWGFLRVF2L2JtZit6RjBpVnBQWVhTUGlMalZSM1dGZ0E2dWZWMW5xRGZ2UzU1TzdjRTZCMG4zQnpCV2xLcnM9
meowy,RVNDT2p6N3RudkdDUGttYmpjaFpISFd2RG50OTZjNTlKalIyVnZGaWU2SlpoTGhGVkN1NmJaN002NHRsMlFGSQ==
black hair,RVNDT2p6N3RudkdDUGttYmpjaFpISFd2RG50OTZjNTlKalIyVnZGaWU2TDlOZjNkMmlDWEl5MGFaZHdsa0d3aA==
left,VjBJOFVYNG1VNy9RWUdFZ2lRMm95YkpNa3BMVXRhWDFUZFpSOTBlQVVwdnBWWEQvQ0VPZ1dqWmpudUpEaGZFZA==
left,VjBJOFVYNG1VNy9RWUdFZ2lRMm95UW1HRFhzU2dmeUpWV0xGL3F2ME04ZXFGZ1pCMjVIb3ZEM0U3QWxSbDdETg==
stand,SHJlcDlhMHNQUXNkbnUwWnVsNmVRcE9jVE5BaHpHS3FvcXNIVFA1U2NsNXFsSldoSndYL0VENjRtVmlMbU1GdUlJT3RnOE40UG9JeVlrcWs3QWswUWc9PQ==
stand,SHJlcDlhMHNQUXNkbnUwWnVsNmVRcE9jVE5BaHpHS3FvcXNIVFA1U2NsN1U5R1pKTEhlcHROenJmeEdzRUNEcUIyL1p6SUdGa3YzUkhNTExDYldQSHc9PQ==
green flag,KzA0YUVNSUVLRnZIOUhxZmJYR0wrTW5oanlHVHJVdytxSERLRnhMSFRTRlh0bmRHYmFCTTFMeDBWbVNnY0RGQTVxSVBDVGdGRmorMDExYkdyc0xYRkN4UnNCWFF5aDM2cmcxWlRjRDNNem89
green flag,KzA0YUVNSUVLRnZIOUhxZmJYR0wrTW5oanlHVHJVdytxSERLRnhMSFRTRlh0bmRHYmFCTTFMeDBWbVNnY0RGQSt1L2gzYmhMUUhyV0VpaTJHVWVMK3QrZEgyZGFIemR5UVhnSmk0OS9mcXc9
bicycle,MENqeWJ1T2l4REoyek11eUp3QTFiSmN6SGxUajNybzF1TFk0NTFiNmRwZ0VoZnlFOTBwdHJXL0pFS0U1R08xbA==
yawn,MENqeWJ1T2l4REoyek11eUp3QTFiSE15a1NCUitRSG5sb1ovY1l0bWhoZERzTVVwSXcyckpEVDNhQTBjUlFWZw==
yellow skirt,UEhYcEFyazlDUFNXYkl5VDUwRXNMRWxZYXdmTkdPTG5nNjFKY1lCT0ZqdU5yazF5NE84dU1OLy9lYTRDdlIxbmJsbVY4c2NsNGdJTWptRUxMSGtvdHc9PQ==
yellow skirt,UEhYcEFyazlDUFNXYkl5VDUwRXNMRWxZYXdmTkdPTG5nNjFKY1lCT0ZqdTV2K1RzSDNPclpkZWQ1WHB5azBFV2d6T3Jjbm9UMFV4YU1pYWxERjFvK0E9PQ==
black hair,ZnpRMUhPYWhEUVlyblM0N21WQ2FreEhvWmtuYVZLQzFlVmh1T2cvWWlLdnRmOVQ1d3Nwd2dlekNWNVNvSittQnNoQzZHTmpaSm9nZG54OXY5TkhtTFE9PQ==
black hair,ZnpRMUhPYWhEUVlyblM0N21WQ2FreEhvWmtuYVZLQzFlVmh1T2cvWWlLc1ZMNVhmWCthR2lSWDNNZmJDajEvWno1Z01ZMnpTR3Uvam5zTmZ2c0RoelE9PQ==
rain,SVpFZk9BY3lwZHd4RVhtdGRteHpkdVpRTG5yN0lsOTl0MFhwNzJtSVVzcG50MTdIellLNTNIYlJDaVRxWFNDeDhzUXRnNk9zUC8vY3M4em5xdlkzWXc9PQ==
rain,SVpFZk9BY3lwZHd4RVhtdGRteHpkdVpRTG5yN0lsOTl0MFhwNzJtSVVzcWliUXlyVGNsV1FnOWZQWlZhK3owN1VlM0tKMUc1S2xpa3V0U1Y3dC8rMUE9PQ==
green hat,UldYaDhOcHY2N2tJSFFaY09MdDRkZjFjRGF0V1VINjFrdjZ2S09lcmNSdTdxZ1B4S254QUd2aFcrd3hzTWo3Tw==
horse,UldYaDhOcHY2N2tJSFFaY09MdDRkZG9iRnAxWmRTWnBnM2l4WCticVNSTU8xcVppZlZTdFBFb0U5N1FmYmJOZQ==
brown hat,RGxyQkhIZXkraE1XSS9EVFpIaVZsSUFhWVZhSGdpdVRzREZZV1lkdTJFUUZCeVc5UEU0andVbXBjREFjRTBSVUJKdEdhWFRUZ1Mvcm5DYitUMEt5ODF2MUVMSXF2ZlpBRlVob0g3Qjl5amc9
pikachu,RGxyQkhIZXkraE1XSS9EVFpIaVZsSUFhWVZhSGdpdVRzREZZV1lkdTJFUUZCeVc5UEU0andVbXBjREFjRTBSVWU4N1g3YXN5ckNmMWd2R1dQblhyTXNLMXZwN3lxM2N4YkdWTFZYWFpIbjQ9
pikachu,MThjZG1KeWNuRzlkSEUxUEJZNlhOZ3JlaFZoZFk3V1Nha01VZnE0VHFDek9YalBsMXVCeXIzUWpsVEIzMnR5Qg==
orange clothes,MThjZG1KeWNuRzlkSEUxUEJZNlhOZ3JlaFZoZFk3V1Nha01VZnE0VHFDdzhGMmhRNkQ2eWx2N0ZHWGtGR1lkaw==
up,RUVOcDg0eTVzZVhuRjY5MTZER292K2NQekFoQmNuR2lrVUc2Ni9QSzZvNUZmanBGOHdOZTloK3VHVkJudlhJSg==
black and white,RUVOcDg0eTVzZVhuRjY5MTZER292L2hrSTFMNEtRYW9OOHBzcllNeVZrTE0zd1RacnFGRUJTSGE2Ylp2RWdIZg==
girl black skirt,czdUWTFldklsWEVMYU9XMFc1NTRIOTNJa0FzY3FLc3ExZ0xIZmZCK2lPKytKUzd5amxVZ1l4SjFUZWp1NWtSWVFaL2t2VllRZWNVN0ZLdkRyTWhnSlE9PQ==
black hair,czdUWTFldklsWEVMYU9XMFc1NTRIOTNJa0FzY3FLc3ExZ0xIZmZCK2lPOHhIaUdqU01RVGdmUzJTZGE1MGJxSDVrWGZKckozUFFxRDlQVFJIdFJzanc9PQ==
red background,aG9QbkZlZzU1UG1ON0hDSm8rNEdwSDVLaGhWUzVaYmptSU9aM203TlhRQ1M1MlBIbzNGNXd2VFpPUXZZNTZIRWJsN0tDa0Z6eDZvQ0lPV010NjNkdHc9PQ==
red background,aG9QbkZlZzU1UG1ON0hDSm8rNEdwSDVLaGhWUzVaYmptSU9aM203TlhRQkF3R1MvZVN1UU1tNWh6NmJEOXBHSEN4SlV3OXRoZDhGczM0Ym5PMHRTNEE9PQ==
white background,RDVaM0doVDdXTzFldjFtUVdTdURXQno2VlJmYUVCbkY2MGJzazlaZ2VLbS80dEtlemt5bC9nRE5ZaUJxc1FRZlZRRjVIUXFxd3NlL1IxOXU0eFZnQlE9PQ==
white,RDVaM0doVDdXTzFldjFtUVdTdURXQno2VlJmYUVCbkY2MGJzazlaZ2VLbUhsai9ZZ2g5NXR0TU1Jd21QOFE5VEpQWHdQL0VKWVlPUFRCNjFsNit6anc9PQ==
above hand,di9mbS90WnhKSFZRL05pQ1FvZTNlWmZzeGtJVDAvSWJCM21lUDlmOEFBMEFjNjZnWnJWYi9rTkNTQ05LeU14Tg==
above hand,di9mbS90WnhKSFZRL05pQ1FvZTNlVm9NNnRWZTVzV2pLVHU4UWxPaDlsTExmSktheTZZZnVrV1FXSkxKUXJyMA==
white background,MThBdmNJK0hnOTBlZmtvb2ppaE5hdlhTZ2ZnOWpKSjJzY3UzRDYrMWlZdHF2RlR1UVYzMXpnb2FhZkFsVjZQUWdSejRuMlA4WTA1T0xDQzRZalRYU3BsRlJoQ0tabmRvekh6WDQ4TENqd2M9
white background,MThBdmNJK0hnOTBlZmtvb2ppaE5hdlhTZ2ZnOWpKSjJzY3UzRDYrMWlZdHF2RlR1UVYzMXpnb2FhZkFsVjZQUU13bzh6UG9TeXNjakpUNXNmdGxJazZBZGkzSURuaXcrblU5bFRVc0FkazA9
muscle,WUdSTkN0TUxpSVV5UlphdEE1eGpvK0ZXZHBhOXpyYUxEVnVrK2xoelMzRDhlYy9ST0h6aVc1Qyt0YlNzb0hYOQ==
yellow,OFQraTd2bnc2ekpDM2FKSEFYSFVwV01qb1RlN2RLMVk4dCtad2dFOFpjT3V3aTZpTjJSVEZRVFVqMjdDWHh6Uw==
fishing,OFQraTd2bnc2ekpDM2FKSEFYSFVwZjlLdHJnSEdNOGJ2TUliTHBmQzlLemNQMkpHOGxuV2ZhTWk2Ykk3Q1dlSA==
silver,dkF1cjlPU0NNRDY2UGs5U0hKRUVZem12N0xOTW1Xa2ZhL1NRTUsxNUU2V1N1TUU1OXl6NjByOGVtd1pPaXd5alc2cVZLcHZpaVFBd2hLTVBaaXkwRGc9PQ==
fight me,dkF1cjlPU0NNRDY2UGs5U0hKRUVZem12N0xOTW1Xa2ZhL1NRTUsxNUU2VTNzenFNeDNuTjdScmhOUGhTaElRYzV2dHBCejB2aVFRdkM1RGtZVVUrd0E9PQ==
silver,bnNXa09TbDZLMnhMRWFzOFFLMUJyODZ5bXB1cDFSTTBtL2NxVFBpb2xaQ0RvSURYUjhDUklSNCtFYk1CaTF1Zg==
silver,bnNXa09TbDZLMnhMRWFzOFFLMUJyL213aFNhR1ZESE52WEdjWVpiZ0o0THZuSG00TmRNeWZ2VzdUaitqSEE4Ug==
swim,YzRuaHlQZVptYVRGck5nUnFSc3pSSWd5c2dSeVFUemhQYVRxUmVyUjRDWDdIbXcyYU9TWFRnVVFoUlZPaDBiNg==
swim,YzRuaHlQZVptYVRGck5nUnFSc3pSRXZmUHRrcXJPZForZGxNSUo3THlWVStNTVhPeXQzcmJLSTBaR2M4TWplNQ==
black clothes,ZHp1OWM1U0Zob0tNZ0dwb2xNZFFPUG5FQzl2V0NveEFVbmVabWZXc05WYldYWWk0WGhKT2t2b2dRMEh3TVJZVFowRmd2NGVCUksxaXpBZ2hCNEFGY0E9PQ==
swim,ZHp1OWM1U0Zob0tNZ0dwb2xNZFFPUG5FQzl2V0NveEFVbmVabWZXc05WYitBVzJzVkU4bEc2UjdIYTRQZkxZSkllSjN4UGFWQnhQSkNLUDhWenhoa1E9PQ==
sit,WGdiT1pnL0lHK2JMdm9tVnoxaU5HL1owcDdYcjFuek5SUDdXRVQ5aXhsSGxhNkt4NDN2TUEwcDg0ZloxVGxFV0lISVI2WGdaVXg0MnpQZDQybnFKSHc9PQ==
pink cloak,WGdiT1pnL0lHK2JMdm9tVnoxaU5HL1owcDdYcjFuek5SUDdXRVQ5aXhsRXc1Q21FNUc1NHlBeDQrYnhybEM2VHB3UXJ3OEJTSHJ6bjlCS2tRbFBSSEE9PQ==
running,bWVQcTZCUDJ4VVE1MlRJOXcwRFRFZUZsdklpclB5dDJyK2MxTDgwaHM5R0w2Ny95TDdkOWJWN2QwTGRMY1d5M2VPeEh6Nk9mdkZBb2NTSThINDFXM0E9PQ==
gold,bWVQcTZCUDJ4VVE1MlRJOXcwRFRFZUZsdklpclB5dDJyK2MxTDgwaHM5RkpiQlZNSmIrNGZrV3J0TUhFcFdrSkMvbVgvWnlINGw2dTFVeVo0Zmg2Z1E9PQ==
apple,ODg4SGNZYWdWT1d2OGhwMytrRHJYRDF1dTh4bTliYXZoYUl0Y3dON1ljUGRTUXlNbStEVGE2RmtGL0dSRWhQZzBQT1BIUTMwekhFcFFtbi9vMzhzTkE9PQ==
,ODg4SGNZYWdWT1d2OGhwMytrRHJYRDF1dTh4bTliYXZoYUl0Y3dON1ljUGhIQXkxbW5tZjB6bTludEFkVGpmWFpTckVhejhuQ3Nwb2hsNTZFckg3NGc9PQ==
gold,TmFmUEJtdGxCYkpQQWg5Q2RhcUxDcWtuMWo4Rk4wREYzclltSUh0VTNrdEpPRDhmQVhXTG1hZy9udUJyUlJiRQ==
gold,TmFmUEJtdGxCYkpQQWg5Q2RhcUxDaHQyVFV5a0ZiRm1pN2o1ZDFtWHR0eHloWk5pakt5cEUxbmZjdUMwQzNCbA==
smile,R3NjVmRlZDdKaTNYZ1BQT3hpbkFocitLUUZhMGkrSEJMRjZwSFpOQ3dmaHJmSmgyNDZodVByYnR1Sm11aWZoRA==
glasses,eWRoK0NEdHpLK0V5YndVS0l2RWZNcDRiU0xtUHdQRnJKTHQ2NVc5ZUk5eU9RQlc0RlNZTVlhMm1mblJvSm1LcQ==
glasses,eWRoK0NEdHpLK0V5YndVS0l2RWZNcWN0aVd5VFlQV1JCa3BjZW14YVEwcFUyakk2VjdzSm9iZ0sxRUovZjBXTQ==
glasses,Umg1cXBYVThOclhyQkUrRTU3T2hHd2NJUGRRYzNjeitoTUtOLzYxcWI5N2x4VlJHMEFzOXNmQTM2R25lYXhQQ0luVU4waHo2V0lFdVQ1SHhLN3paNUE9PQ==
glasses,Umg1cXBYVThOclhyQkUrRTU3T2hHd2NJUGRRYzNjeitoTUtOLzYxcWI5N2x4VlJHMEFzOXNmQTM2R25lYXhQQ2k2QXdzTWRqVG9oWU9qMGlZQml0cWc9PQ==
up,QndZdGxsOGdYT0RqTWJ0aU9CL1dPeXF4K2d2a0tiLzJlQUNtcElRVjgyZ1NJYy9PRXBIM0ZWU29TemQwQnZYeg==
up,QndZdGxsOGdYT0RqTWJ0aU9CL1dPN3IxT3gvSW1UNzFaQjVuTFhQY2pEaGQvQmhoUldRaTY3MGpqbEtpaVlLQw==
bicycle,MENqeWJ1T2l4REoyek11eUp3QTFiREFPdFVSYXh4STEvRTQySzYwQXJ1TDZSVlovYWdaS3NWU1JzbXdwaldBWQ==
bicycle,MENqeWJ1T2l4REoyek11eUp3QTFiT29hTnZEbHcxR25pSi9ydEdlWVBEK2VMVzNUS0RScEc2WEZhQ0ZwUkJicA==
glasses,bWVQcTZCUDJ4VVE1MlRJOXcwRFRFZUZsdklpclB5dDJyK2MxTDgwaHM5RkM1WXJzY3ZLak43NGFnVUJTcTAxT0lRTWZEZ2Y3c2RzUGcySGlhSUplS0E9PQ==
glasses,bWVQcTZCUDJ4VVE1MlRJOXcwRFRFZUZsdklpclB5dDJyK2MxTDgwaHM5R25hWlIwdnVyWDBNZnE0azlNWTM2NTVCbC9rOWI4eUwyNENzeTlYb21YWWc9PQ==
bone,cVhEeGtSckNMYStKRXl0c2JFN2lyZld5S1lwdnd4OXllL2xwaWIvcVBpU0hjZGlhQ21na1VLOGxBeS8rUHEzRw==
bone,cVhEeGtSckNMYStKRXl0c2JFN2lyVGRoREcyU3lJcVJqaXpSK3RFd0F4ZTdjR2pDZUNpQk1PdHlPa1U1enRRMA==
brown,K0ZKUjhmVTFZNmVOaVB5YkhVQW5rd0hpY3hJa3dyTGgxQnhjcndhVmFJYVFKa2NMb2ZFVFlOUEk5cjFHSzNOdA==
cup,K0ZKUjhmVTFZNmVOaVB5YkhVQW5rdzBCUXArWVBKYXFNSHFuT3VOdzZqTWNQQVQyZkRRb2Q2bFVaMWlZeStGcQ==
coffee,Yk1nSTBaQXhWNXV6NURJbldkaUFUd0NrdkNPdVZtWXdtcmNxUitZVXV4TzZMc200alg2dzRFVkRXcktQRUN5dQ==
coffee,Yk1nSTBaQXhWNXV6NURJbldkaUFUNVVMQWZacEw2UDhxT3Y0M0ZUUHIvQlplOUMzdlJmRnFqSThTcXhIOFJDYQ==
black clothes,ek5vOEhUVFROWVk3RlZFZXQraG9hUFhQV2xXZ2dyS3dJV1UzakdiS3h6K3Q0Sjc0M01pWEIwdDVnanBUeHBWNjBRSzVDUVplaHlmVkRaV05MVHJrMHc9PQ==
coffee,ek5vOEhUVFROWVk3RlZFZXQraG9hUFhQV2xXZ2dyS3dJV1UzakdiS3h6L1U0d1VDSXg2MHcrak5DVy9mZ0p6bFBma1JWa041bWFBd0FjNUNmNFpQVlE9PQ==
green clothes,L3djM0FBVkRrOWs0S0RYRWN6WWRtN21FUlZ6YVM0eGZDSGgvOFFOeVVlTEpuell2Um9kNXQyZld6cVB5U2RtRDkxVGVjS1d4RFI0QnpteDFza1NjbGc9PQ==
green clothes,L3djM0FBVkRrOWs0S0RYRWN6WWRtN21FUlZ6YVM0eGZDSGgvOFFOeVVlSjQwUm5JeGFZeklHZWVQbUQxd0NIMERtTWh0RUwrT2pQV2JOZzlTczdjWlE9PQ==
pink,aG9QbkZlZzU1UG1ON0hDSm8rNEdwSDVLaGhWUzVaYmptSU9aM203TlhRQ2kvTDVXU0YwTnZBOTRxaHd4bGJaVHlzWUduOTVnZW1STVkxRlpKNnFYYWc9PQ==
right,Q0RoMnJVZG1oc3VjZ0QwOFBrVkQwWmE0U1pKUlhsajNGWkNFN295eHFQYWNtektlKzg3U2FPVkdPOUpXU29BNw==
right,Q0RoMnJVZG1oc3VjZ0QwOFBrVkQwWmpFcjQ0V2xLUUVtSytoSjJjdm1qNWErZnczZ2FYYWZlcitnekxUamp0WA==
fork,K3pEa2wvSDJZaDRvblViaUdFZ24yM2R3ck1SMldlci9BQUdnZGhxUU0yOSthaFJ4UjQxV3NpTjJxaHBRa1RjYg==
fork,K3pEa2wvSDJZaDRvblViaUdFZ24yM2R3ck1SMldlci9BQUdnZGhxUU0yOVkwMllPNjkxL3JTSG43SzhXMFNsWg==
smile,TXZ2RXBmRmU0YnVzRnNMY0xnUDBreTZTUXZwMG1wV1QzdVZVcW80TEdxUERBVzVMNmRvcjE4S2hsenM2UDh0eQ==
smile,TXZ2RXBmRmU0YnVzRnNMY0xnUDBrOHNNUDhZM3VWbHVhVzNiWXVZQzkvdFRXN2hMN0krSTg0eEs5bFZJTlpmbw==
apple,WVhhWk9xTVRFMzJqMS9VTzJnTUUzV3AxT2NUTHJJcWJ5RXFaVjFCbGFuMGl5UDdGL1RpTTV2cEtZTitmeGwrQw==
apple,WVhhWk9xTVRFMzJqMS9VTzJnTUUzYkZITW1LNnlXem4rbXNnbW44UG9BS2pNc0FzZzZKYVViQzRFSnFVMjd2Rg==
smile,d0pYVGtFUTVlZlFJc0VITW8rMmFuS0YxUkdGdGV3QWdEdXlQRDFyamVjVWw2aEZ6cC9XU1dCRjVGNndmaEpwdg==
king,NjFWcUR4UWxQSXczRlNhWkxKM0NRbXdmNWlyMEhveU93d1kxbzc2VFgvNkZrNlRCR1FOcC80cG05MUFvSlZ5WQ==
,NjFWcUR4UWxQSXczRlNhWkxKM0NRc1ZZTjJYVUpXUE1CMUlBUTJ0N3ZIS0tRSDN5M3ZGc1lBVHEvZVp6QjViMw==
brown,blBaUUhwUjdiTmFDZk15ZGFaN3NrUFRqRFVTeHlKWXp5b0lrRHhiWXc2TkgveWtqVXNNa1ovdHhQQTU4RWZ5ZTYwVS93cXY5U3FPQUFlWS9GUVFkK2c9PQ==
green hat,blBaUUhwUjdiTmFDZk15ZGFaN3NrUFRqRFVTeHlKWXp5b0lrRHhiWXc2Tk9Ja0dESmFnL0IxeVFud3hDaFQ3UEJBdnkwaXV4MVhFYStScEZTVEt2Rmc9PQ==
yellow hair,UXNjb2xiOVBOVVVBNlFFQ1ZlQU5seGxRNmd3eWtRQUlNNWYvZzVqV2RHVXpTR3dnS2RzTFhpNE9VbXFFem40QVllelNZN05RZDR3TEExWWtlcEZXSWc9PQ==
white clothes,UXNjb2xiOVBOVVVBNlFFQ1ZlQU5seGxRNmd3eWtRQUlNNWYvZzVqV2RHV2dUV0RGN2tIYm1Kc25ZT0FweDJ5YTRYSU42bjBGQXBhRy9lQWJYS2FxWmc9PQ==
left,K0NhN3dBc2h5eGMvTEJqQXBWRC9UQ1cyVnJRQlVNYzdUWlMwdDJTaDAxNjRCS09oTmtoWmhlSFhzRzd4ZU5xMA==
left,K0NhN3dBc2h5eGMvTEJqQXBWRC9URnl3RVNFazRTdjVTaTdmU09PQVBveGg1UUtDdWkxMUJML3YxSlZlWlhoNg==
cup,b1M1VCtMSHBPV1V6NlVCZ3M5bG41VkY4eGxMVFl3SGJIUC9aV2k1M1poNmRuVlpLZnlBZWtDZE9IU1d3RCtScg==
cup,b1M1VCtMSHBPV1V6NlVCZ3M5bG41WWVyaERYd0VMSFI4YjE5Nnk0YXZGVENJeWc4U2dHUFh2VHVxU3lQQ3RNaw==
blue hair,SWJDbmVOb21RSnBrbXhaSm9UN2lGVVY1Y2FjckZMczIvSktybVlUV3VLYXA3cWZFZ1lWQ24wSUJ6ZGJBN1daczZRVWF4azY3YnpEeEVKUTBoSTBUdUE9PQ==
cup,SWJDbmVOb21RSnBrbXhaSm9UN2lGVVY1Y2FjckZMczIvSktybVlUV3VLWms2RXpXYkpZZ3ljTyt6eFQrSEcydy9BOXcvN3ZIM052SFNtdHcydWNOWVE9PQ==
yellow slug,WVJaMkZiN1I2Zk5WaTNJSWRJVXBRQVJyRjNJTzE5NERzaTVVMzRES2xNUUh5dWZuWjVKNmQ1VS9VK0k5Q3VKQlJGd2tLSzUyZ3NTdU40b0RqY3dLTFE9PQ==
yellow slug,WVJaMkZiN1I2Zk5WaTNJSWRJVXBRQVJyRjNJTzE5NERzaTVVMzRES2xNU3FUQ256Y3NzUVhjS0x4NWRBTUpCbWhXZjgyNjJDbEJWSE1pNVZXbjFjY1E9PQ==
yellow hair,dEsrZmtGaERFVkNscCt4eEtyZUlRRmhhZlVoQW1HV2VTN25qbFN5Wi9YUnd3TitaWTRzV3ZFMTBPek5JSHlnZmtsMjRSK1dtaS90ZjdBRFZBZ2JGeEE9PQ==
yellow hair,dEsrZmtGaERFVkNscCt4eEtyZUlRRmhhZlVoQW1HV2VTN25qbFN5Wi9YVFhzbGQ3UEQ5Skx1cjE0MTJjSk1WN0dKWjQ4c3lzb1RKYmF2dDdZeDd5VWc9PQ==
easily,ZlExUzZiSEVlYnNsM0xhUnVEbXZ4M0tpVGpZdFlBTE10VTkvbDFVbnBJTENoSWwxVHd4YzRiWW5pcmVuLyswOA==
yellow,UldYaDhOcHY2N2tJSFFaY09MdDRkYXlWN3hPV1VvWjU2Q3JSK0JhOWh0NzRITm8yaDY2NGQvM1dZaHluWmhrRA==
yellow,UldYaDhOcHY2N2tJSFFaY09MdDRkUW1pSXJIcmViMHloTGFjbklaMEFqb24wUEFZQmFHVERZdEkvZ3NBdHhRNQ==
cat,TkFZcFRhVS9PMUVqMWxqeW9BN3pCdnJ5aGtReGg4Z2ltSUlDLzZvaGtMdlBLYTU0SGl4dEZodU5BbXg4TitzTQ==
cat,TkFZcFRhVS9PMUVqMWxqeW9BN3pCa2lyYm0raVZ4cjZnajRqanVuNXVGUjBtMjVlTzczdTVSM0FmcEpTM1laSw==
right,Q0RoMnJVZG1oc3VjZ0QwOFBrVkQwWGJscWxWY05MMGVUTTZRWkdEWXh0VHg4ejMzYTlSSDhyd1YzMnNham1EZQ==
sit,K0NhN3dBc2h5eGMvTEJqQXBWRC9UQzZKbVJWelNJVTBUT2dUbVlqdG5IaFhwWlpvTUxBYVVUVnd1Nm14TGxRRw==
left,K0NhN3dBc2h5eGMvTEJqQXBWRC9USnpNTVY5YzhDUFJJODlZU3d4LzFWbGdjbXFjS1NIWGpCbTM4a2JHaVYzTA==
pink cloak,RGppN0ZiSmlSbUdhRzRXWGM1ckFxWklhQTB0QzhUN3VRY2U3RTU5RThTUTVMRy9WcnIrUndVSVAxWTVCbUhUaW9YYVN1U09xcHZ5Y0FRVkQvWUkzTnc9PQ==
pink cloak,RGppN0ZiSmlSbUdhRzRXWGM1ckFxWklhQTB0QzhUN3VRY2U3RTU5RThTVFVwVkM3d013NUs4bzdoNk1IV0h2eDJjckNHenhSOC9iS1JBU2laSndEL3c9PQ==
sit,WGdiT1pnL0lHK2JMdm9tVnoxaU5HL1owcDdYcjFuek5SUDdXRVQ5aXhsRURXVXREQnJHbTBnOGZjWDEvd0o4VSswZHhhOUYrbHo4bDBnREJQamhKMkE9PQ==
pink cloak,WGdiT1pnL0lHK2JMdm9tVnoxaU5HL1owcDdYcjFuek5SUDdXRVQ5aXhsR0Rkd21vbVNHWlRHWTZiRmczOStwNjZhdkszWUhManhpWGpxRzBWNi9YNVE9PQ==
yellow,c0wxcERvZEtRRWFDR0pYcnV6WU41a3J3ZllYOVBiM3lud2JJQkFGOE1XRDRXSGNFL2lDLzFsRW1FZ0M0RlR5Rg==
down,c0wxcERvZEtRRWFDR0pYcnV6WU41Z3ljVDhUMWRoL1J0UThmOWF3NElRU3c0OGdVQjlQRnRUcUF1THpCOXVrOA==
white fur,K0ZKUjhmVTFZNmVOaVB5YkhVQW5rOE1vOEJFeCs0aXFVR1pPSnhUUHYzUE5sVWtPeDVodGFHdUVtTjhFMlVhKw==
brown,K0ZKUjhmVTFZNmVOaVB5YkhVQW5rMk5SMkNBZ3RvaG1TaWpJeVlTNE5IM3FXNXczN3hYaU5TT0lGTDRFVHpFeA==
boy black clothes,WXN2QS8vUWJ2V0xrMXp6dnhuU3FKVFlxc1JPRnJoYUo4S3o2ekc1RzFFeEFuL0FrSlpIYkJwdlo2TDI4RS9vUjNyVkpHQ25CT2F2a0dQSFZld1FWSHN2L1V5Z04xQVJ0TUZmUlFWU0F6NG5RSi9kUlVHeVFlVnZKTHNqNDNiMkszcTJGK3FrS1RjTUVRUmo2UHRUVmp3PT0=
pink cloak,RGppN0ZiSmlSbUdhRzRXWGM1ckFxWklhQTB0QzhUN3VRY2U3RTU5RThTUmhpYTM2VmU2YmxXUXR6ZmxUSVVlQ3FzK1VFZ3pLbGR4Tm1KQkNQRXNrZmc9PQ==
pink cloak,RGppN0ZiSmlSbUdhRzRXWGM1ckFxWklhQTB0QzhUN3VRY2U3RTU5RThTUU9ucy9vU2JMRkpUckFMaFkzNzgwT0lIQjVIMms2U3JRTHJ3d2RLZU85c3c9PQ==
black clothes,ek5vOEhUVFROWVk3RlZFZXQraG9hUFhQV2xXZ2dyS3dJV1UzakdiS3h6Lzd3bmtiVkx5YWJUMkxEWi9SY20zSVBCeU5NdlprRVMwS3kxVzA2T0xleEE9PQ==
black clothes,MnFwTlJKeno2a0N6NmJPd2pYVkk5K1l3MHhGQ1M2YU5MNGZJbjBsd2p2eFgxMWg3TEhhTmxnazQzL0w0bFFKblRhaUg2OUZlY25XTkxBa0svMHIwRlE9PQ==
glasses,MnFwTlJKeno2a0N6NmJPd2pYVkk5K1l3MHhGQ1M2YU5MNGZJbjBsd2p2eG9Ta21LVlpYeHZZaEFJSWJMM1hmSGxOZCtzeTJGRUFuaHUvdzUwRm9UbEE9PQ==
zzz,bWVQcTZCUDJ4VVE1MlRJOXcwRFRFZUZsdklpclB5dDJyK2MxTDgwaHM5SFI2VmVwMi8wWlBvUG5CNmdaSERmTmFiSEtUKy8zclI2cXdtSUoxMmhHTnc9PQ==
glasses,bWVQcTZCUDJ4VVE1MlRJOXcwRFRFZUZsdklpclB5dDJyK2MxTDgwaHM5RVRTamtZUnNkam9FNWJGWFpxdlg0VWFsMEQveVRVSm9hYmhSY2cxSXJXdFE9PQ==
zzz,RDA3RGFhUWJLeHl0UXJrTGVZNTBFNE5qVEJxK0tTTjJyS2NqeExmYnNyRXprQVducmVYclM0M3BHcEx3Q3djRmVVY3c0eURZMWFTbWM4NENyMnpQSEE9PQ==
zzz,RDA3RGFhUWJLeHl0UXJrTGVZNTBFNE5qVEJxK0tTTjJyS2NqeExmYnNyR1VCdjFSclh4UU9VUkh5dTE5OVYvNGpiVmt3dUc2SW4rVzlKTlA4emVreFE9PQ==
black hair,UnhmME9vR3YxNTU2Vy93dFR0d0FiU1MxTWxHQVFSUHpJb0RncSs4Ly95dzlKMU1NVUlHb0ZNZkhvcUloVjVOY1RJQ3c3OFpINnVlTy8wSUJkMGhHWU53WUtZZW5lZ1VYd2RtOVlOWFZ6TkU9
black hair,UnhmME9vR3YxNTU2Vy93dFR0d0FiU1MxTWxHQVFSUHpJb0RncSs4Ly95dzlKMU1NVUlHb0ZNZkhvcUloVjVOY2RzRmVsV2c4L2pWLzFUNlA1enZnNEc3MlhnSEhBVkVaTDVLRmNCcVU5SGM9
brown fur,UGZRczRyalVFU1ZROW9QQVFQNEJ1Nm04SWE2UjdWeTEvN3R5VnhxbENNNGlYS0xRM0xTYXk2dmZ2OGYyMWRLVEo2RkRIYTNUcExmOXhISXRIQ293Q2c9PQ==
blue pillow,UGZRczRyalVFU1ZROW9QQVFQNEJ1Nm04SWE2UjdWeTEvN3R5VnhxbENNNm8xd0RoellORUhudjBOdS9STnBXMkxEcXlXQTlJcUN5WE1jT0V0NmdtcXc9PQ==
sing,bjBmTjdVUkd0MWVNMzlwdmd3WndhalRKUWNoWHNYVXp4ZEx4WWZ6R1RRc1F6c1BaM2p6cHd5RVgwa01SNmh1b0dENE05TWtjQ2szQzhOcndhVzBZNnc9PQ==
glasses,bjBmTjdVUkd0MWVNMzlwdmd3WndhalRKUWNoWHNYVXp4ZEx4WWZ6R1RRdHdlQllTZ3BObHlqNyswNG9KMGRlQzZvM3BMOWFvMERXN3ZKSS8rNlpxL3c9PQ==
white background,Umg1cXBYVThOclhyQkUrRTU3T2hHd2NJUGRRYzNjeitoTUtOLzYxcWI5N2x4VlJHMEFzOXNmQTM2R25lYXhQQ21hMGd1a1R4dG5sRTF0UEtXYXFSTVE9PQ==
black clothes,ek5vOEhUVFROWVk3RlZFZXQraG9hUFhQV2xXZ2dyS3dJV1UzakdiS3h6Ky9uUnY1QWVNNlhrbjZQS3RoUnhHYTlJTmdPMTU0Y2pLUzJ5cUJKUWtaQUE9PQ==
cat,TkFZcFRhVS9PMUVqMWxqeW9BN3pCdVZXOWdPWExQVXNRTG1xRG5pbEJUaVRmVnNHOUZndzh5dVc5MDMrL21jNg==
cat,TkFZcFRhVS9PMUVqMWxqeW9BN3pCbjhUNmVtQXNDVmJEOWZGVHorN1V2bDRJcnkvL3EvZGlGMmdLZlUySHUyUQ==
cat,WS9WUnNTb3dSWmdSMWExVERTTTUvZ3hhbkZ6dWo5UnhBVTlCSDR6SURJQU9wdUE5U0xFemV0Qk9kMWRJdUwvOQ==
rawr,WS9WUnNTb3dSWmdSMWExVERTTTUvbVdNMlVZYVA1eHhqMWlaZkg2eE1mLzF0aU1PYWNyNDlsK3QxV1E0TjhYRg==
white clothes,UXNjb2xiOVBOVVVBNlFFQ1ZlQU5seGxRNmd3eWtRQUlNNWYvZzVqV2RHV3FPUk1VR3V5Y0hxS3BnQlF6RG81UjlPT2F5QXkweXpNUmpScmRVRG1TclE9PQ==
white clothes,UXNjb2xiOVBOVVVBNlFFQ1ZlQU5seGxRNmd3eWtRQUlNNWYvZzVqV2RHWC9lU3JLcUtENjJXQmRpR3RpQVVJSlV2anp2bmQ2WEo5MDBUQUJHSWtZUFE9PQ==
black hair,WUdSTkN0TUxpSVV5UlphdEE1eGpvNmUxOWoyZmpIZ2Q4bHF2L0lSM0hRWDZBZ2JGRkZML2ZiQTZaMW8wZHg4cg==
muscle,WUdSTkN0TUxpSVV5UlphdEE1eGpvelgyK2VpQjU5QVczNUs3WHZvYUk4SUFIeXdXaE53aitINkl6ZisyOG5DNQ==
gold,WVJaMkZiN1I2Zk5WaTNJSWRJVXBRQVJyRjNJTzE5NERzaTVVMzRES2xNUkdEc1BPc1luTFJSbjM5TTdENm43RWEreUJ5djZCSy8rcUVhczBqc3NHQ1E9PQ==
yellow slug,WVJaMkZiN1I2Zk5WaTNJSWRJVXBRQVJyRjNJTzE5NERzaTVVMzRES2xNU2p2UFFjNVhpdTVGSFZ2b1k5L3NDMlNMUTdqNXhEUnpDQm1RZkRwRnpURXc9PQ==
blue pillow,TmFmUEJtdGxCYkpQQWg5Q2RhcUxDcElZK0xpZnkxWERuZ3RDTGFSQTZIMFJlOWNHQjdlZVBoUUo2WWpoN1Bzaw==
gold,TmFmUEJtdGxCYkpQQWg5Q2RhcUxDbEZwc0grdlZyYnFVcGNoTFcvWFB2OE9WTmxXK0t6WGlTMkFRVXRQTXhOVw==
fork,UGZRczRyalVFU1ZROW9QQVFQNEJ1Nm04SWE2UjdWeTEvN3R5VnhxbENNNVdLNDhzanlJWWx3eWh1Yjg2ZUlGeGZwUjIzc2J1Y2krR0dZb0dmZlZtM3c9PQ==
fork,UGZRczRyalVFU1ZROW9QQVFQNEJ1Nm04SWE2UjdWeTEvN3R5VnhxbENNN3NEa1ZYbGNFUVFNNVNMdnlKbENWbElhUXFBdU91RHZXZUxWd0tVVXU3N1E9PQ==
fork,K3pEa2wvSDJZaDRvblViaUdFZ24yM2R3ck1SMldlci9BQUdnZGhxUU0yOWdxbjRtajc4NFd4UTFtUG5DUlcvQw==
red tail,QWpHYWpNS09hbmgxUmVNMXJHNkg3TDFaNHVGWFQ4NjBaUWJxYXg5eUVLWnRnQ3F4OHZ0UUx1S2wxSUtKUTRad05hV01pdi9VL1JBQlBJdFc4Nk44d0E9PQ==
red tail,QWpHYWpNS09hbmgxUmVNMXJHNkg3TDFaNHVGWFQ4NjBaUWJxYXg5eUVLYVdxOEMyd25IZm1aRUZ6bnhacFptcTMwMjc2ek1XWHNmL3M0Nms5b2V4bFE9PQ==
cat,TkFZcFRhVS9PMUVqMWxqeW9BN3pCblBZdTFxOFFqYnpudzU5VC9yWXdzU1hldWxhaGdNNWVpRm52UjBrdk93Tw==
brown,UnhmME9vR3YxNTU2Vy93dFR0d0FiU1MxTWxHQVFSUHpJb0RncSs4Ly95dzlKMU1NVUlHb0ZNZkhvcUloVjVOY01VcnNGSk5NcWduU3J0WVMzekgxbTh2ajRsVGhiTXl2cHRUOWZ0bUVhd2s9
,UnhmME9vR3YxNTU2Vy93dFR0d0FiU1MxTWxHQVFSUHpJb0RncSs4Ly95dzlKMU1NVUlHb0ZNZkhvcUloVjVOYzdIRWV6WFZCNHlSdmd6b08rc0xFMGNDQjNIQVhFd3Y4dzZ1VTRQQjlvQ1k9
phone,SnNvYmZmbGZhVkszTWN6RmVML0RSMDBZMzYzTm1sOUxhZnJYK3Q5TEwrNWs5T1JoMWFCR2piOE1vcUdlYVZWYg==
phone,SnNvYmZmbGZhVkszTWN6RmVML0RSNEprY1Fab01nWnpUWVc5aHdiSnp4NUs3bG1keGl0WE9ZOHEvYXZrOTEybA==
flower,S0lQUXhTTVkzQzdPSlhQTFdWOG91czl4TnduM2h2bVJqbWJHQzBOOWd6a2V1K2VxclRYeW0raXY0a2NHbHh1TA==
flower,S0lQUXhTTVkzQzdPSlhQTFdWOG91czl4TnduM2h2bVJqbWJHQzBOOWd6bHdtSHpTRk5Yb2RlT0lCYjhsalVjaA==
,ekQ2RVhQUkFnbW4wNUxDWGFDa0RFeFc4ZDgyUUJHdnRXME9NbWhvL0MxbzJFMlhlNFN4U3dPdk5JNjBmZUNPZDFrNU9MeHFFQ05EY3M3eTRRNWUrM1FwRFpoc3E4RmFBUzRsL1VscGVRd0sxOXg0NmFhdjVFVGdDaCtxWUtwaXpEY21zbG5HVFhvMWc0RmhIUUxFT2NSOGdBS0gzaC96ZVJ6SkMya1FKQk5NPQ==
black hair,cDVaN3JQN0x2MDIvTDAxVnkxanBkSnpaQmVVOVR5b25nMUFSdktnVHI3UEk3bVZLUWYzNFhsS0tHN2JoVTd1OQ==
black hair,cDVaN3JQN0x2MDIvTDAxVnkxanBkSnpaQmVVOVR5b25nMUFSdktnVHI3T0ZuakR4NGhxNVZGblkvekZmTHhSMg==
black clothes,ek5vOEhUVFROWVk3RlZFZXQraG9hUFhQV2xXZ2dyS3dJV1UzakdiS3h6OFN1d09tclIrdzgwaTh0dVlPaGttSEh5bjhveGhZcjBnaDhwblV5Q0s1YVE9PQ==
black clothes,ek5vOEhUVFROWVk3RlZFZXQraG9hUFhQV2xXZ2dyS3dJV1UzakdiS3h6OVhmQ3M3NXo5aVozRlBOck5HYW9aYmRsUlBUd0MxdVdpUTlBT2hOWHRHOWc9PQ==
no color,TE9QSm4xOGVkUXo2R2svWkJrdUwzdzJobjYrT2R1YWtLMU11TjB3YzliZU93K3Y4MncxMHJERktnK3JTcktBaw==
no color,TE9QSm4xOGVkUXo2R2svWkJrdUwzK3MxWG1GUW9LNkg3NWJpWW5qZm9wWmhjRUQvUlozYWRXUW9ycFhBcWhxUg==
gold,TmFmUEJtdGxCYkpQQWg5Q2RhcUxDcUp0OXNzUXVHU1F1STdqYVk4ektCTTBoaktJUStSVUFyUGN3ckFtbll3aw==
gold,TmFmUEJtdGxCYkpQQWg5Q2RhcUxDaFhwWkMvK20rZ1Jqa3NzekNUcE40QjVaa29zdTRrazdXYnNRemFyZjZoWQ==
swim,YzRuaHlQZVptYVRGck5nUnFSc3pSSWRsUisxQ3RBc1g2N0FuYjVOVEZUOFZGUTN2eWZBSHVHd2ZFSXpHMThnOQ==
swim,YzRuaHlQZVptYVRGck5nUnFSc3pSSWtRK2xvSktKcDRlRGJKTVYrdmRRczZYQlNIQUlHOFUrV3NhK0pYeE5WcQ==
swim,MlFiVUtmM0dTc1JvNDhQM2R2Ymg1NjZ0NnJxSlNwK1JENlFEOWd5S1NDZGFIZ05EblJqTHdIQlFsK2VML3hwRg==
king,bjBmTjdVUkd0MWVNMzlwdmd3WndhalRKUWNoWHNYVXp4ZEx4WWZ6R1RRdXNKVUZwUzQ4eGtMejU1VkEzTFlhTTg5Q3J1K3d5MHBZVGUva3JLdjRQQkE9PQ==
blue pillow,UGZRczRyalVFU1ZROW9QQVFQNEJ1Nm04SWE2UjdWeTEvN3R5VnhxbENNN0xJcG5vNEM0WDhZTXVNQTJnR0tWdHdRanYycjdFWnQ0UUNQRkQ2ampUbWc9PQ==
blue pillow,UGZRczRyalVFU1ZROW9QQVFQNEJ1Nm04SWE2UjdWeTEvN3R5VnhxbENNNXZZSnh6a0p2OXRNYUJMUG1RK0JlNHhNazc5Wlp2aTA2dU1rd3N0Z3puQVE9PQ==
blue feather,b1RTR1lIbThRNkJGZ0dTOVI4Q3JsY1VwY0FOYTJuTDdqUVRkd1lXTHBjVCtBSU9lN0hVY0xTRmtaUndHdmVwOGJhaUhKK0NNZkxWSC9OKzV0U1doUGc9PQ==
blue feather,b1RTR1lIbThRNkJGZ0dTOVI4Q3JsY1VwY0FOYTJuTDdqUVRkd1lXTHBjUXcwWkQ2UjBjTmlLWTZyQ0hsUENhYjZramVZNHVxQ21BU3BUcUpoeWZiZUE9PQ==
smile,VmtnbHd5V0dXd0VkOVNtTWl0am5jKzluMWh3cm5PVVNoQ0R3eU9mSCtKZWl0Rzl5RzVRL1NzZnJYeUxUVGVrSStMek9wRmNzdERhUVlqcFdjM2FvZ2xrakN6YVIyQzAxSHVPNnJTWUZkMGs9
up,RUVOcDg0eTVzZVhuRjY5MTZER292dzQ3RVFZWksyUDU0L3UyZ2RxTVROZzBNbjNieEo2MWdURk9Sb09Id2hWaA==
up,RUVOcDg0eTVzZVhuRjY5MTZER292Mms3QnZseVF2SWV0TnFUR0c5bzlBaVVaa0xEUVk4enRNWENTcVZmQnpieg==
ice cream,M1Z0OGc5ejRxZjQ4OTZ5MnNaSTh0ZGhmSGV6VExUN1dhS0dWdjFoZTViRWRabldqcklMVThwWk1lczB2TVMyaUZNcFNJb0dGbjZnckxqaFJKWnRCWXc9PQ==
red,M1Z0OGc5ejRxZjQ4OTZ5MnNaSTh0ZGhmSGV6VExUN1dhS0dWdjFoZTViR05uRk94SkpHb2VTZjUzRXl5dU5wV21MRm9YR2ZnTmR2QWkvMnVncTFOVmc9PQ==
no color,TE9QSm4xOGVkUXo2R2svWkJrdUwzMW1lZy9zb2psTy8xaHVUclg1TGJ1d2o2cThCUUJqY1dWOTVNY1Fud09ndg==
no color,TE9QSm4xOGVkUXo2R2svWkJrdUwzMlFqN0VsNitDZm84ZnBEUEJaNHJlOXdXaXA2cURrazBvTDYwMk1oZGJrbQ==
phone,SnNvYmZmbGZhVkszTWN6RmVML0RSM3luZGd5ZnBORHdnQXE2NE5CWTlxdm5hdDRWdVFRTkpDQzZEU285aW9BeQ==
up,RUVOcDg0eTVzZVhuRjY5MTZER292NGdydnp5M2hLcXdtRHUyVjVvVGhwSXVYZTVFQXVMREhrTXo3bzNqeWlGTQ==
glasses,RUVOcDg0eTVzZVhuRjY5MTZER292eG15NC90bjZZRkdlQi96N2tHc2tkalBpb3h6UWZnM0lpOHVraFFTbzVhag==
golf,R3NjVmRlZDdKaTNYZ1BQT3hpbkFoc1I3MFI1QjRZdWdGSkxKM01LUFRTazdsU2JkdlFuLzV6ZFYzRFR1K0RoRQ==
golf,R3NjVmRlZDdKaTNYZ1BQT3hpbkFoajUrV2t5alNqRGdmWVgzOTREeHRyZGVrZzBkbXc2QW5rMWFXTzFwWTVOTQ==
glasses,emU1aFJnV09hZ0p5VkJCTnlUMldzK1gzN2FRdGlHTXlWZk8rQXM3RDZnMlp0MkhzZ3F5ZElDZ3ZuelZqYXN2a2U5T1k1eHV4UXFCWDc3ckpXdDgwUFhEeFVhL1M3Qi9lNVFQb2d3UDkybHc9
pizza,emU1aFJnV09hZ0p5VkJCTnlUMldzK1gzN2FRdGlHTXlWZk8rQXM3RDZnMlp0MkhzZ3F5ZElDZ3ZuelZqYXN2a0ZIR3QrZkhyRnVIcENvdTJHbW9aM3pLRDM0TVdMNlp5VUFZZmpqS21Dd1k9
golf,c2ZURS9yZ29VWHJBclJTMXdRK2VnNFAvcWZiZ2tiSjgwbVZhZ0gxdFA4RmN4VlZweG02UjFoTngvU3VWWnBTMkVNVzFFeDYzalcycm9WNnovZzZsZkE9PQ==
pink cloak,c2ZURS9yZ29VWHJBclJTMXdRK2VnNFAvcWZiZ2tiSjgwbVZhZ0gxdFA4Rjk0ZlBJNmEzaWFKMmlQRjRXN1dydW5iUTV6aDQxTExpNGMxeG83WmhFV1E9PQ==
yellow,QWpHYWpNS09hbmgxUmVNMXJHNkg3TDFaNHVGWFQ4NjBaUWJxYXg5eUVLYTg2dTMrNk9vNE5GcDI5TklWOXIrdmZQNjlXL2w4UWtLRzNZWWUxVVZNb2c9PQ==
red tail,QWpHYWpNS09hbmgxUmVNMXJHNkg3TDFaNHVGWFQ4NjBaUWJxYXg5eUVLWUhsd21SdFVwS1lqblBYN1lUekRHdUUrbmhkWHF0NUdmbWl5eXI4TjJEQmc9PQ==
yellow,Z1pPem1PU241ZGxQSDJjQUdWTWFic0IxTURPUTZHQytRWGNqamltK2htRmNrRHJzRndrUWZ4Q2NjQmFHZlJHaQ==
yellow,Z1pPem1PU241ZGxQSDJjQUdWTWFicDJUenZoRkxWLzRZbnlQN0ZTMnl5K0JJN1VibVNOelR6VVJRdW1lZ0l3Sg==
copper,c0dlWTlTWjF4N0xrTjdsV2haM1J1K1ZVR0I1S3p3ejBXY2hjeUJnOVVueGlnZk9TZm5zQjRhbUZCcm5GRjl5Rw==
copper,c0dlWTlTWjF4N0xrTjdsV2haM1J1K1ZVR0I1S3p3ejBXY2hjeUJnOVVueWxvTjFpWTVOcnpwYU51SWI4RnRwUA==
red clothes,THhzUzBzc1l0cDZpT0lZQnd3Q2NWbDR6RjRlcjBoV0crYjQ2bFR2aXVLUUtrbnYvQWM1M21rdHdtWXVnSG13QWRSSXByKzBIcUNMUGlMb1Q0NGRBLzdGN2RmVk5CL3dqZWJabDdpbWRYYlE9
red clothes,THhzUzBzc1l0cDZpT0lZQnd3Q2NWbDR6RjRlcjBoV0crYjQ2bFR2aXVLUUtrbnYvQWM1M21rdHdtWXVnSG13QWRzcS9IMEtuT1oxaXJieGFPY3F5b3g1MlpxTm9kSks3blhBQjVIbHI2WlE9
black hair,QWpHYWpNS09hbmgxUmVNMXJHNkg3TDFaNHVGWFQ4NjBaUWJxYXg5eUVLWldyVFJDd1lhTks1dHNoMUk2eHM2SVRvOXBmSUJ1WUhLWlFuK2xWakIrVWc9PQ==
red tail,QWpHYWpNS09hbmgxUmVNMXJHNkg3TDFaNHVGWFQ4NjBaUWJxYXg5eUVLYndwcmdOUEw4L1A3SnZwL05ZYjdkdHhneHltZ1MxQmVMN081SHB1SVJrWlE9PQ==
brown shell,RUgvaFkrSm5LNkhzd3JlSWtwN1ZSYU1wODJiak1RYmtNM2xWajZJMlhDVmgyRXJoVGk4SVNNbEY1OXZsUzNqMUtJUks4Rk9nR2FxMWFRSXQ2QVNGOFE9PQ==
brown shell,RUgvaFkrSm5LNkhzd3JlSWtwN1ZSYU1wODJiak1RYmtNM2xWajZJMlhDWElmRDUxRStITm5nTXJydk9mMys0SERmU0pXY0tTa2Q4WklQY3RZZVM5ZUE9PQ==
not fat,MnQ4WlVrbWJZK2dlakRLWUZwY0hGNFY0bW4ybXMwYjAwSWhGYmZ6R0E0RFVpL2IxNEtHbnp6MFZZajdybFVpOA==
brown shell,MnQ4WlVrbWJZK2dlakRLWUZwY0hGNWQzelIyRUNaQ05IbVlNNkpqYjhTSHZVUk9JMEltZWxDaUNVM1lUcGZQMw==
pink cloak,RGppN0ZiSmlSbUdhRzRXWGM1ckFxWklhQTB0QzhUN3VRY2U3RTU5RThTU3hGQmk5bm0rcURsaEpRdEJPVERiQjREYU1Kc1pTYTc1SnlDVWlWanBrMnc9PQ==
pink cloak,RGppN0ZiSmlSbUdhRzRXWGM1ckFxWklhQTB0QzhUN3VRY2U3RTU5RThTUXdtY0c2U1FRSGZCSTZJWFlnc3FCYkozcnoyS2VpS0NCUjBBU25VZ0RlNEE9PQ==
pink cloak,b1M1VCtMSHBPV1V6NlVCZ3M5bG41VksxQVNBNGZiZ1hsNUZJUkhsUHJIM1RpcEZuMlhwTGRTUHczN3BsUnJGTA==
pink cloak,b1M1VCtMSHBPV1V6NlVCZ3M5bG41ZVlpMWg4VUpRSzJoTTlleS9NcFl0N3VON0NpTkxxMGpjaUxuUzNuazR0Uw==
sit,WGdiT1pnL0lHK2JMdm9tVnoxaU5HL1owcDdYcjFuek5SUDdXRVQ5aXhsRjE1dGRwODEwaUZza2wwN0c4Yjc0aG13S0tpMm9GVEZBektlQ3hyY3NyZ0E9PQ==
black hair,QWpHYWpNS09hbmgxUmVNMXJHNkg3TDFaNHVGWFQ4NjBaUWJxYXg5eUVLWmZaNE5YZU1JNDRjVysrV0p4TDFlK2ZiTXJBQmxtMWE3MjQwd0JMR0lSdUE9PQ==
left,K0NhN3dBc2h5eGMvTEJqQXBWRC9UQVBCZjVITFpvTnFNenNjQ0tKcjhnRVhPTmhadnVIUTU4eHNIR1hVOUEzaQ==
left,K0NhN3dBc2h5eGMvTEJqQXBWRC9URWlrelJMTUEzdXo3WEs5WkdRdHlJdGFiRjg4TGZHOTc2Snd6OXhuRzZ0Qw==
fork,K3pEa2wvSDJZaDRvblViaUdFZ24yM2R3ck1SMldlci9BQUdnZGhxUU0yOE1leEUyaGJ4RjFvb1FxWksrYlNPTA==
left,VjBJOFVYNG1VNy9RWUdFZ2lRMm95V0M2NTZDajl4T1VQbGhBOTR1VzNCTENrVExidW5iNHJBK0Y2ZWI0SUx6dQ==
black hair,cDVaN3JQN0x2MDIvTDAxVnkxanBkSnpaQmVVOVR5b25nMUFSdktnVHI3Tk9YNXBrOWNleUdjanFqK0tqWklwSg==
black hair,cDVaN3JQN0x2MDIvTDAxVnkxanBkSnpaQmVVOVR5b25nMUFSdktnVHI3T2NBWHZTUEpxZG9iTjU3UVNpeG8vcw==
black hair,SHJmc0dPYWcxbUNjU2RhRCtsc2kzdlhFWDlkTWdwalRIRFpBcTYwZk9NUjdqVGowR1k3NmNUeWhaeVA0bGU3dHl5NkZUL3UzUEJQRGdYQ0tSajVKYWc9PQ==
black hair,SHJmc0dPYWcxbUNjU2RhRCtsc2kzdlhFWDlkTWdwalRIRFpBcTYwZk9NVDcxankwWFdQYW4vU2hEZGpMSm4wc3hGR2kzMFhJZHJjOS9yckFLOWVRWFE9PQ==
green,dkpqUytWZFIzNm5sazBWQTY4bEpQRzA5U1JGdFBiZEZWcGYwQXFqL3hMT3QvUVlsZ1B4UmVYbWRTVzM3dGZyOA==
black hair,dkpqUytWZFIzNm5sazBWQTY4bEpQRnRNRmNBb3hlZTJJU2NmQWVZVnMxTGNaQjlBZHBySlNYTXQ0MFd2ZkRraA==
stand,SHJlcDlhMHNQUXNkbnUwWnVsNmVRcE9jVE5BaHpHS3FvcXNIVFA1U2NsNDloTmV4NEJ6VWNnaEJkaFlTa0wwRFN3NVdaVStDN0VGVzhBUzZDQ1RTZUE9PQ==
stand,SHJlcDlhMHNQUXNkbnUwWnVsNmVRcE9jVE5BaHpHS3FvcXNIVFA1U2NsN0dqQk9vak9wdjZiUEk0bnBNR3o4Q2FrMi83UnJVNlA0QVptMkJLVWtYalE9PQ==
red background,Z1pPem1PU241ZGxQSDJjQUdWTWFicmRsdzI5Z3BtNUVMaXVyVm4wWGlLbFVxM3NaZDlUODRONllEUnRzNTVJbA==
eating,NjFWcUR4UWxQSXczRlNhWkxKM0NRaGNNS0F1VXoyT0YvWkVNWThUbnZjaTVQMG51Z1RXOXRIQXk4eWpQa0ZweA==
eating,NjFWcUR4UWxQSXczRlNhWkxKM0NRbGNDY2NvaExlSDdpQkJNYUUvaFJUdzg3SDlRV2h6am5rOENtTzBZN0JTdg==
eating,OU9ka0p1QWxBUzEvU3JKWEVpU2Q3eUZISUkxd0lOVmdTTTV0YVNVb3Z5Z3lpVGxML3BoQmVzamIzbWswVk1NMg==
eating,OU9ka0p1QWxBUzEvU3JKWEVpU2Q3d1V4bTM1M2pXQzhYWWVOOTU1WTFYa2JyM3BUTzcwZzZ6Z21IUDRqS2M2RA==
meowy,UXNjb2xiOVBOVVVBNlFFQ1ZlQU5seGxRNmd3eWtRQUlNNWYvZzVqV2RHV1FRcklTSnk3Ym53T0ZTMmRpVEg0aU1ETnNqVGdyeWFEVUNGN3U3cEZ5TUE9PQ==
eating,UXNjb2xiOVBOVVVBNlFFQ1ZlQU5seGxRNmd3eWtRQUlNNWYvZzVqV2RHVjJGU1VQRnhQL29La3RYcDNqZVFCOEcrRzNIQ01EZytWNEhMVExZMy9CdEE9PQ==
red hat,azZSQlQ4cDdXazZvT0ZBUWZQNmdCL082TG9yN3FRY3dGWnZvdDVIallraHFKSm9oS3h0d3ZYSWJaOHZLYjhJNWRRYXNJTUhkUHVyYzlZVkh3RDZ4ZUE9PQ==
red hat,azZSQlQ4cDdXazZvT0ZBUWZQNmdCL082TG9yN3FRY3dGWnZvdDVIallramdEQTE2RUtwcDVKaVZaSDVKdUxzZTlnUjMxUkhwU1FQbEduSlNJdU9vNmc9PQ==
scythe,Uy9GeVlNaDBSYXpEdi9jNmpUV0U5VUQ0U0pMRm5nWmpVZHhIZGZWMWloeFBQQTE2bENzQUZJT005a0Z1SDZralFkRjdrRVFNS1ZpZXJTYUZaUGJLU1E9PQ==
blue hair,WVhhWk9xTVRFMzJqMS9VTzJnTUUzVEZwdzMwL1FyZ3c4ZmZ5SEhFK29zMWlXV3dUYmJHMGYzMkYzb3BnYTFyVw==
apple,WVhhWk9xTVRFMzJqMS9VTzJnTUUzYndueE1TVGU4YmZJeUZHK1NMNjZSVlZBVllVY01sbnBqbU9rcDBtR0diUg==
left,VjBJOFVYNG1VNy9RWUdFZ2lRMm95VWFyMUlnRGs3SWxEbHZUS2FIMzRlMG40cEw0V3ZkZ3FnRTRpMUFxZkkvTw==
rawr,VjBJOFVYNG1VNy9RWUdFZ2lRMm95WnNTL2FiSEpPSVRXVFVoOS8xQllUMHo2Q0UxVFBtVWozRFdUeUdnZzE3SQ==
yellow,UUFBZitoZGU4MTlMTk9zY0FCZ1VuVUl4Y21XRXhGSFJwYUN2ZXN1eTcxR1A3a0RuZEdidHc3QUdZS0hMbXFJZEd1U2hBNWowTEpzamc2TEFZQ01DM0E9PQ==
left,UUFBZitoZGU4MTlMTk9zY0FCZ1VuVUl4Y21XRXhGSFJwYUN2ZXN1eTcxSENKdWV0eU5xZTZEYmFtV05HWjFGeTNzTEkwc24vbCtINUdESzVxN2dnSmc9PQ==
up,RUVOcDg0eTVzZVhuRjY5MTZER292NDlQVXRjMkRKUG9SQUhSMW5oMytFL20vV1RDMmdaRXlJOER3VWIzSTg1eQ==
up,QndZdGxsOGdYT0RqTWJ0aU9CL1dPMFhlcmFaRnpNY2ZVMTVMMy96L3llZi9WRUlyM3BMb1JzNlljZWdiY1MxcA==
up,QndZdGxsOGdYT0RqTWJ0aU9CL1dPNGpwTVpDK2pzR1JEaWh3bytSS2ZZYXN3dkwreDJyNDc5L056THRhZWZQMA==
muscle,WUdSTkN0TUxpSVV5UlphdEE1eGpvek5vMkRrU0JOVy93QUNGQzlFY2hBSGl5a3JXTTRudHJWMWZWc013K2tmZA==
boy black clothes,WXN2QS8vUWJ2V0xrMXp6dnhuU3FKVFlxc1JPRnJoYUo4S3o2ekc1RzFFeEFuL0FrSlpIYkJwdlo2TDI4RS9vUjNyVkpHQ25CT2F2a0dQSFZld1FWSHN2L1V5Z04xQVJ0TUZmUlFWU0F6NG5KV1NJeHlCbXVrZWVWaTQ2M1Mxa01NcUpwendPNEM4SEZ0am9OTUJBUlV3PT0=
boy black clothes,WXN2QS8vUWJ2V0xrMXp6dnhuU3FKVFlxc1JPRnJoYUo4S3o2ekc1RzFFeEFuL0FrSlpIYkJwdlo2TDI4RS9vUjNyVkpHQ25CT2F2a0dQSFZld1FWSHN2L1V5Z04xQVJ0TUZmUlFWU0F6NG1WckZwUzJraGpiK01NQk8xSXIrWGNST2F2MjhhbC9VQjAvTzRGU0QrZVpBPT0=
bone,S0lQUXhTTVkzQzdPSlhQTFdWOG91czl4TnduM2h2bVJqbWJHQzBOOWd6bFpZYmY3TUdUNU9iT0Q5TEZ5QXVkcA==
black hair,UnhmME9vR3YxNTU2Vy93dFR0d0FiU1MxTWxHQVFSUHpJb0RncSs4Ly95dzlKMU1NVUlHb0ZNZkhvcUloVjVOY09rc1cvVWFTM2F4K0l1QWtBQk9pSHlDSzR2U282eUlmVzJXOXoyKzh0R2c9
brown,Z0MyUFcrOVFGVnBjSUhCUkg1STJrUUpVQzhFU0tmNXJLU3FTUG9uVWZlTGszZjdBOWZpV2gvWldaTzRiUFZNcg==
hold a carrot,Z0MyUFcrOVFGVnBjSUhCUkg1STJrWWtOZjdEWFFYYlJ1SmxKVmhGYmxqcHoyUnpzNlJpUXZpcnpGOWgyUzR5cA==
phone,SnNvYmZmbGZhVkszTWN6RmVML0RSMXpJNFJ2UmlXWE1LMy90SUVSWU9tTkw4cTlEMjJYTUQvbUlPWHliTTdhMQ==
police,NktSK3NYd1FiU003b2orK0lHYnVTQy9rYWlweHd4RjJTVjNFbE8wU3Q3V1FXNGh4d3JkcE1FNmozYjFJNllFMSt3cDNHUnpFK2NUT3pGR2JGTm9nNlE9PQ==
sit,NktSK3NYd1FiU003b2orK0lHYnVTQy9rYWlweHd4RjJTVjNFbE8wU3Q3VVFSeTlVY1BaSXZLM1ZXVTU4Sk9TNVo1UnBqSXdGazBJREtFNnJVSzE4bnc9PQ==
police,QzN1Y2paZGltOUpuMEZPc2c4V25tU1pqRDZSQ3VNelhuYXFleUJ2eWdiU3loU3lQblNjcnVYS01rTHgrT2gyU0Rocjh6Z3h2ajlOR3kwS25GWlVSVHc9PQ==
police,QzN1Y2paZGltOUpuMEZPc2c4V25tU1pqRDZSQ3VNelhuYXFleUJ2eWdiVGRrTDkybDMybGdROTRURVlHVTFnVTc0RDVSWFlBN3pFSFNoTmRSQzJIZWc9PQ==
eating,NjFWcUR4UWxQSXczRlNhWkxKM0NRdDAyT2pNekZob1hnWU1McWd6dTlLazQ0Q2pOZXM5NzNtaEtaZk9NK0EyNQ==
yellow,TkFZcFRhVS9PMUVqMWxqeW9BN3pCdFNjUWx6cUNtUmR6ZGNrUy9aYmExZU9qOWU1dXNPUjRDMmFVcnJvdE4zUg==
down,c0wxcERvZEtRRWFDR0pYcnV6WU41Z0Q3UjZFNjVlNWxPc2NwRUV2SndJYkdiTkk1cTI3UTk4RXQweEcxREgrNw==
down,c0wxcERvZEtRRWFDR0pYcnV6WU41aThadVJXWGlQd2dNTjRQdmVCdVZuNkVNTmtTcE9QMUt5dk9MK2xlVTNhbg==
green clothes,NjZDUHc5TXArS3JvWnQyUjhXTllieTVHVGZvV2dZUWs1WHZ4eWYyeU1tRmpPam01c3AzdkFuTTRwZldjb3NZMTVuem00SW9JbUNTeE5aU2FaSkgrY2c9PQ==
sun,RGxyQkhIZXkraE1XSS9EVFpIaVZsSUFhWVZhSGdpdVRzREZZV1lkdTJFUUZCeVc5UEU0andVbXBjREFjRTBSVWIwbmVCNHk0bVplRFRYaG1wYWFEU1ZPNjREUmx4ZFNkQnRya2lqc1V0VHM9
green shell,bWppb0M5blNHSis2YTk2RnZVZkxjUUc5M1F3bkZyeE5KcEhZSG0rZVMwbCtSWGFLRVF2L2JtZit6RjBpVnBQWWVtM1NMc0xGS2hmM04wSlBJVitiVFB2ZEE0YWJpTzdjQVBGNW5KaWNSU2c9
copper,Uy9GeVlNaDBSYXpEdi9jNmpUV0U5VUQ0U0pMRm5nWmpVZHhIZGZWMWloeGJjRzllZTErNXc2M1BtWjRER3ZueDFaUXNLd1gyTVF5Y3BVS1hxTDZETnc9PQ==
scythe,Uy9GeVlNaDBSYXpEdi9jNmpUV0U5VUQ0U0pMRm5nWmpVZHhIZGZWMWloeEZTQ28rNFNFTjQyVmdVNmRRMlgwWWVGQlBVOGw2ZGR6S0JhenhrNFdzVUE9PQ==
eat,ZEFOd3J5dUNKc3loY2ZhckU2WUgzSTZoNmFsRHNtekZNTkx0dXhZMEpzNDhQMzI3QVhCQ25vSDR6WWx2eHNBQw==
left,VjBJOFVYNG1VNy9RWUdFZ2lRMm95ZndNZ2xNSmk3OWpoUWNqWGd2TGRTZDF5U2laVEs3UlpiRDdHS1FkSStsWQ==
green shell,OFQraTd2bnc2ekpDM2FKSEFYSFVwWklUbW9od3BwMlh3U0RzRDNNOHhGUE9pdnVUVElKMnZyU1VYcnQrL0hkRA==
fist,OFQraTd2bnc2ekpDM2FKSEFYSFVwWHFPWmRGd1VWa0pqUEJCU285aXYzWGU1U08waEl5d3VTcWUyZkZ5R05zWQ==
blue hair,M1Z0OGc5ejRxZjQ4OTZ5MnNaSTh0ZGhmSGV6VExUN1dhS0dWdjFoZTViR2J1TXdQSm9GcURjWDRxemJXTDIxeWtJRWRSWVRTUnJCM3NLRnovanZJdkE9PQ==
blue hair,M1Z0OGc5ejRxZjQ4OTZ5MnNaSTh0ZGhmSGV6VExUN1dhS0dWdjFoZTViRmNEVzVXVVhLVmVuRDRuMkY4dWpIbXUrSTBWVVF6OWN0aUZFQk9DaklVdGc9PQ==
rawr,SDZrMUdtQ2xPZkxqeTB6QWhuTzllbE5KNnpGQ0hQZFlUYm5hNXNqRE1DOEpuRFRjRkFiWGFWcGVlQU41MHhNVw==
food,SDZrMUdtQ2xPZkxqeTB6QWhuTzllcEtpbVdDcllFMUNzaEZuVGN1OHlhOUhlWVF5dld3NXJJa0s5NnllNUM2OQ==
blue hair,UTZoRjdwNEdiM1VmVmNVN0UvNk5WcGhLQ3kxRTNqTlpvTyt6YVgrdHNFL1NNREMxZDZQRFJ4ZzJ3UTBWS1dOazZlUXg1VHBqdEl6TG9hRy90TlRmeXc9PQ==
blue hair,UTZoRjdwNEdiM1VmVmNVN0UvNk5WcGhLQ3kxRTNqTlpvTyt6YVgrdHNFKytFMGszUzFDWU5mWktHQmNmdXgva09YM1RqeDJFMFh3NkIxR0JqUFk3aUE9PQ==
fork,K3pEa2wvSDJZaDRvblViaUdFZ24yM2R3ck1SMldlci9BQUdnZGhxUU0yOG42d29BRmlkZ2NRUjVicWJIVmc0Qg==
down,c0wxcERvZEtRRWFDR0pYcnV6WU41b0p4bGNkSG4vb3kxc2pvSkx0c1NOcENyZFZoaUJYeTdBNm10b2tJcGdieg==
left,K0NhN3dBc2h5eGMvTEJqQXBWRC9UTzlmZkNPSms1K0J1UUZYbzZJSmlkWU1UVkhiR25BTy8ySm1ObHVra1VzSA==
red clothes,THhzUzBzc1l0cDZpT0lZQnd3Q2NWbDR6RjRlcjBoV0crYjQ2bFR2aXVLUUtrbnYvQWM1M21rdHdtWXVnSG13QUJzSnQ5LzVZajRPaTVoRWkyM20xNFlrem1NVzE5OWlNMWdYb3pBVi9PYms9
orange clothes,alVXSHdJMk9CUW83WW1hVEt0amtibXArWXE4a3Q1UTVuOUJlbmgzdjRWRmlWOTgxZWtYdG5PZjFubk8xN1QxTzZZQlY2TVRyTi9zK2FIdWNHNzJmUU5MSnBlNjB4SnpLODl1RGk0UEhrVjg9
base ball,alVXSHdJMk9CUW83WW1hVEt0amtibXArWXE4a3Q1UTVuOUJlbmgzdjRWRmlWOTgxZWtYdG5PZjFubk8xN1QxTzk5UVVVUUwxNnd4VHpEb09xSG4zVnYrZ0wxS1RaUW1ZT0k2ZXRIUk5NdTA9
sing,bjBmTjdVUkd0MWVNMzlwdmd3WndhalRKUWNoWHNYVXp4ZEx4WWZ6R1RRdUNiUlZaRmFWalZUekY2SVlVeWVlcGNaWHRxM0J3WklMQ3VITEZGbStCNWc9PQ==
white,RDVaM0doVDdXTzFldjFtUVdTdURXQno2VlJmYUVCbkY2MGJzazlaZ2VLbG1qZmhQM1h2eGNWNGpUeHFNMVpxSktxbEVhVUE3UFloOE43VDlRYU9EeVE9PQ==
base ball,RDVaM0doVDdXTzFldjFtUVdTdURXQno2VlJmYUVCbkY2MGJzazlaZ2VLbUw2VHlCQjV3MnZTbzVQUnBNOG8zOTcvcllBamkrS0U1RzY3WkFLZWMzZFE9PQ==
base ball,UjYybXN0blBUYXUwVW43K3Z5QU8ycWZkdTNhdkltcTV3UzZ5b0V2VDVVckgwOGJnQmtEeHBXRjlhTTgvdkMzTA==
base ball,UjYybXN0blBUYXUwVW43K3Z5QU8ycWZkdTNhdkltcTV3UzZ5b0V2VDVVcE9xVTVPNUYwYVVkaHFJQUxTNnl2Ug==
glasses,Tjl2VnhVNWZNMVhWME1HWDhaZnRyU1c5L0tURHpvL29GQnNjU3duUDJva2s1U29uMUI5empIQlZCVzhPVWNISg==
sun,Tjl2VnhVNWZNMVhWME1HWDhaZnRyVHlRZk90djlEOU0xb2Z0bW5TSmJCT1plVUN1NFpjZ1pSNVN2N0ZqWjRkNg==
ok,NjFWcUR4UWxQSXczRlNhWkxKM0NRbHQ1TWk3cDFTUHZaMDh0VUozbjh2dERhWkFzRUJPOE5DK0FOcy9qOXp4Rw==
sing,bjBmTjdVUkd0MWVNMzlwdmd3WndhalRKUWNoWHNYVXp4ZEx4WWZ6R1RRc1lUNWFMQy9UMFRrZXphNnRZREo1d0ErZ2lTMElpL3QzZ2kyYkl2MEFDMkE9PQ==
ice cream,M1Z0OGc5ejRxZjQ4OTZ5MnNaSTh0ZGhmSGV6VExUN1dhS0dWdjFoZTViR3JPenBQVjN2SkR1ZkNPQWtmMHRkZEpqdGZtMmxzMHF2NTdNckJxbDhESWc9PQ==
red clothes,THhzUzBzc1l0cDZpT0lZQnd3Q2NWbDR6RjRlcjBoV0crYjQ2bFR2aXVLUUtrbnYvQWM1M21rdHdtWXVnSG13QUxoWXdBVXh6MWxITVpIYTNPczVyYU5yMU9NYkVaZHVJVjBRYzBXTngxSUE9
red clothes,THhzUzBzc1l0cDZpT0lZQnd3Q2NWbDR6RjRlcjBoV0crYjQ2bFR2aXVLUUtrbnYvQWM1M21rdHdtWXVnSG13QXFRcTdmdDMwRFVYVmJhaUx5RXBkSXQ1V0ZuUktTTWJMd1dleTJ1TG1NaGc9
heart,c2ZURS9yZ29VWHJBclJTMXdRK2VnNFAvcWZiZ2tiSjgwbVZhZ0gxdFA4RmdpOGErUmtpZ29iNEdzY0pxNVdGVWU2TFFPL0xpV3NEYTVwdkZ0NnVHeHc9PQ==
heart,c2ZURS9yZ29VWHJBclJTMXdRK2VnNFAvcWZiZ2tiSjgwbVZhZ0gxdFA4SDNyUmczWW9wcU9jeTNSdXNQcmxXRkZLR3l1c0xGUkwzdGdFeVBncGZ5RVE9PQ==
yellow,cTFyMmx0bGk3Qnl4RHpoV3Z3cFBSeHJPTldBa1NRRWZwRkJYa25ZdSs4QSswMEJUQy8zck9acDdsY1YxM0VCNg==
yellow,cTFyMmx0bGk3Qnl4RHpoV3Z3cFBSK29XNDFHK0JVVmljMk9LaUdjREI4eTRmaEtVNmkydkJIdzFhYzRvVGYrRg==
cat,TkFZcFRhVS9PMUVqMWxqeW9BN3pCZ3dubG5GaHRMZlRiNXJNV2JGMGFYUExXQ09iR0luMktac0ljOW5TeVhyWA==
coffee,Yk1nSTBaQXhWNXV6NURJbldkaUFUd3Fra3RVcVFXOVRtN0FpSVhWd3dmbXo5LytFOU9XSjZRN05qcy95bndiRA==
cup,K0ZKUjhmVTFZNmVOaVB5YkhVQW5rM3hGZFRCWmVJZnpjSTZFMytOdEE4V0NMY0ExWTA3QThpUjZxYnIrdFZFQg==
red hat,azZSQlQ4cDdXazZvT0ZBUWZQNmdCL082TG9yN3FRY3dGWnZvdDVIallrZ3hLQit0SVB2M1pZL1ZnMWhncVpSYk9hRDVwM2RmeU1PMEpzRnVyeUZQcXc9PQ==
police,NktSK3NYd1FiU003b2orK0lHYnVTQy9rYWlweHd4RjJTVjNFbE8wU3Q3VzFwUktFTmdMczZTbGg3eUxxY1Q5L0ZTVkFuQXFYRnNIR1Bmb2ZVVWdvK3c9PQ==
green clothes,NktSK3NYd1FiU003b2orK0lHYnVTQy9rYWlweHd4RjJTVjNFbE8wU3Q3WG9hUE02aHh6OEVKVUVNMjYyRUNGVklkMDM0K250Y00zdGhuV29lM0c5Rmc9PQ==
white fur,R3NjVmRlZDdKaTNYZ1BQT3hpbkFoanhXRlluU0h0RVNwaVEzelEwOUlZc0x5ZWlCb2hsb0t5WFJtZWJqTGQ3Qw==
lion,R3NjVmRlZDdKaTNYZ1BQT3hpbkFoalJINGtSSmZWbHNuZy85dC9qTzI2emtVNXJYaERLTW9ROTkvcUJscC9ITg==
white belly,b1RTR1lIbThRNkJGZ0dTOVI4Q3JsY1VwY0FOYTJuTDdqUVRkd1lXTHBjUmNQOGl6TFhLME5TQUlEQmE3dFovQUpGYXZwaEcrRjZHMTZzYnM5TU5HQ1E9PQ==
golf,b1RTR1lIbThRNkJGZ0dTOVI4Q3JsY1VwY0FOYTJuTDdqUVRkd1lXTHBjUmlIVnVwN2ZsQURFYjJBeVFWdGlXOElBdDAwVW45Q2FSWkVPWTJQejZrZ2c9PQ==
lion,QzN1Y2paZGltOUpuMEZPc2c4V25tU1pqRDZSQ3VNelhuYXFleUJ2eWdiUU5Id054ZEhUaWZSand4b0xmcFA0aGEyeEJJcDJQZXdWaHIwMzlNTmtZS3c9PQ==
lion,QzN1Y2paZGltOUpuMEZPc2c4V25tU1pqRDZSQ3VNelhuYXFleUJ2eWdiUmVSanRJNEVxdk1USnViMmFvb216U2pkbTA1U213cG9PVmc0dnAycVU2WXc9PQ==
no eyebrow,TTNZbXBJbGwra2lQZ0JQeGEwVVlrVlhDeTV1SHp6UjNhVk1uUGhtNUNsdWkxblNrSVUydllaRGZDNlhGRWdZNWRSYm1ycFhaaDdneFk5eTkzK3NYd0owc3c5bWhlYWJwaHd2RjRzak85bkxraVV6bjBDemt4REhBZThHRzkrZmo=
,eWRoK0NEdHpLK0V5YndVS0l2RWZNbDRoQkQ3MW1IU0FodStWZnltQkI1OHkxNnJGVm16ZmFiR2hnMFVqbXl5Qw==
green hat,eWRoK0NEdHpLK0V5YndVS0l2RWZNanMyY1puWm1LeVBPcDNNOE1vWXR3QWZEL2RPdUJNN2d5ZHl5WkhvYmo3ZA==
pink hair,OFQraTd2bnc2ekpDM2FKSEFYSFVwYWJEYnZrVTlTelN3eTV6Y3JBNkt0YWRETWZPWDdHYm96aGJCMmcyWHdqSw==
black and white,OFQraTd2bnc2ekpDM2FKSEFYSFVwY1B3ZE96WjR2aGxjcVExZmEvYWV5a3ZrT0x4ZlMxaW5vWUdVSG1PY0xWYw==
pink hair,bWppb0M5blNHSis2YTk2RnZVZkxjUUc5M1F3bkZyeE5KcEhZSG0rZVMwbCtSWGFLRVF2L2JtZit6RjBpVnBQWUQwS091ZGxpRDVOVlljZFFRWnR6YXBIaHZROFdJS2V3WkZkR2gzQ0Zwdzg9
pink hair,bWppb0M5blNHSis2YTk2RnZVZkxjUUc5M1F3bkZyeE5KcEhZSG0rZVMwbCtSWGFLRVF2L2JtZit6RjBpVnBQWXZLd2U0OUw2SHlMSHh5dk5HTE1ndW1aUjlUR2dmTTkrUCszYkdJR0htekE9
orange clothes,MFRtR2J1eGw4bnZTN2xqQjBqTjVFQXVwSmJwRVNBa1YzZGJabmprMHplN3ZTN29kSTVvaDVpVERUSmY1Y2FHUU83dEZTR3M2YVJTSk13ODdmZUpWWE9QR1EzSjhaV0RiNFgxd0dIOHN3cWs9
pink hair,MFRtR2J1eGw4bnZTN2xqQjBqTjVFQXVwSmJwRVNBa1YzZGJabmprMHplN3ZTN29kSTVvaDVpVERUSmY1Y2FHUWRZc1RnMVIvVU96UXV4Z3Y0a1FnMyt4Q0RtSW82WUlHMXZvOXdTb1ltMjg9
police,NktSK3NYd1FiU003b2orK0lHYnVTQy9rYWlweHd4RjJTVjNFbE8wU3Q3WEo2RHFkNERrcWVzWW05ZEZTdU5RcEE2MmE3engyNEVrYmtwZS9SVk5YRHc9PQ==
,NjFWcUR4UWxQSXczRlNhWkxKM0NRbVdza2g4cGFQMm8ydTMrSVZlajAzSU4zUUJCcmVPcHJ0dHNJQ0dZaHpMSQ==
white background,RDVaM0doVDdXTzFldjFtUVdTdURXQno2VlJmYUVCbkY2MGJzazlaZ2VLbTJ5Zll0OG0vYk1UajRtYi9NenYxdDZXVWtDSlkrQXlPdDVqUFdRR0t6UUE9PQ==
muscle,WUdSTkN0TUxpSVV5UlphdEE1eGpvNi9vRVFVNnV3RjdTc2xDOEZSaHRKVjRDdndocUNUUEpaTVVjUjQwUm5ESw==
red scarf,RGxyQkhIZXkraE1XSS9EVFpIaVZsSUFhWVZhSGdpdVRzREZZV1lkdTJFUUZCeVc5UEU0andVbXBjREFjRTBSVW1iamRZYzRYa2JYVVNrNVV5bG05STd6Sjcyd3ZPWmgvNGhmV2kwbzBaSjQ9
boy black clothes,WXN2QS8vUWJ2V0xrMXp6dnhuU3FKVFlxc1JPRnJoYUo4S3o2ekc1RzFFeEFuL0FrSlpIYkJwdlo2TDI4RS9vUjNyVkpHQ25CT2F2a0dQSFZld1FWSHN2L1V5Z04xQVJ0TUZmUlFWU0F6NG5Ua0RTUmZtekg4eGJzdlZtcnRmelFWcS9NdkpYODZDa0QzTGEyYUF2QW9RPT0=
doll,RGppN0ZiSmlSbUdhRzRXWGM1ckFxWklhQTB0QzhUN3VRY2U3RTU5RThTVE9hMUcwOFZtQTkrMnU3R29SRDZMb3FKbEorb0trcTRRWkNuQXA2T3F4Nnc9PQ==
pink cloak,RGppN0ZiSmlSbUdhRzRXWGM1ckFxWklhQTB0QzhUN3VRY2U3RTU5RThTUW44aGF1ODY5N1RSMjM4L2M1STVPWjJVYjNPS202SERzNTJxZE5mRnIwZHc9PQ==
sit,NktSK3NYd1FiU003b2orK0lHYnVTQy9rYWlweHd4RjJTVjNFbE8wU3Q3VkRqd2ZSMTVURHV1OXZla3ZHdnlHeWNPN0dmdE5iV3VLUEUrak9VVFRjckE9PQ==
eating,NjFWcUR4UWxQSXczRlNhWkxKM0NRdGtNMWN2QitIUHFmRW93SWFEOTQxY2ZjR2l2MndUWVFvMCt1SE1pMFZlVA==
doll,aUJFZWQrYzU1MndTRThMWjVEQXNqR1B5RFk5NFF5cnRFL1lMa3V2RllZMXFuZWFqQUlOK2YvTUFZWFVSUGwvWg==
horse,aUJFZWQrYzU1MndTRThMWjVEQXNqTzNTWmYxSkM1Vk9KNU0rdzA1SzZOd1dTeTFrRW9pUzNXSHVIRlE2dWFFZg==
coffee,RDVaM0doVDdXTzFldjFtUVdTdURXQno2VlJmYUVCbkY2MGJzazlaZ2VLblBOK29PV3BSYlRiRGhHcGNEcUtGTzdmZ3F5ZHZiTGtDdVZUKytZYVByU1E9PQ==
no eyebrow,TTNZbXBJbGwra2lQZ0JQeGEwVVlrVlhDeTV1SHp6UjNhVk1uUGhtNUNsdWkxblNrSVUydllaRGZDNlhGRWdZNWRSYm1ycFhaaDdneFk5eTkzK3NYd1BoZ3UxQnkrVWJHNW44MHJlUkZORjFVd3BPaDZqNVh5cGFiaDZETFIzNHQ=
no eyebrow,TTNZbXBJbGwra2lQZ0JQeGEwVVlrVlhDeTV1SHp6UjNhVk1uUGhtNUNsdWkxblNrSVUydllaRGZDNlhGRWdZNWRSYm1ycFhaaDdneFk5eTkzK3NYd01sMTBkT0FYVWNyVlRSUHk0UTNXQzVlb2xjeTJ5aHR3Z0lOMi8xTE41bDg=
no eyebrow,MnQ4WlVrbWJZK2dlakRLWUZwY0hGNGt0SGdqUGswTGxmdlNYV01RYXgwWDR6UThrTE9CMGJuOURWdFdDYWFacg==
brown shell,MnQ4WlVrbWJZK2dlakRLWUZwY0hGNjd4bTdNMi9uZE9zbXF1OWg4NUxpUzFPVGNZZnR1bW1zeE1zWURLN3NTZg==
green clothes,NjZDUHc5TXArS3JvWnQyUjhXTllieTVHVGZvV2dZUWs1WHZ4eWYyeU1tSFpTajVLanR0VkRrbGFxdG44V2oxeUZsTktUOXRQSnNySHdlL2RYWHl3dXc9PQ==
red,SHJmc0dPYWcxbUNjU2RhRCtsc2kzdlhFWDlkTWdwalRIRFpBcTYwZk9NVDR2eGs0cm9yUFNOSGZQMkdFUk8vZkhIa0huN0trb1pCUFhwc2VOcHBxWXc9PQ==
black hair,SHJmc0dPYWcxbUNjU2RhRCtsc2kzdlhFWDlkTWdwalRIRFpBcTYwZk9NUWw2SlNmK3Z6eFVsM3gvc1pmY2ZuUnRRVTl2RmtzRW83ZFVZd3ZoWFFsVEE9PQ==
black hair,RVNDT2p6N3RudkdDUGttYmpjaFpISFd2RG50OTZjNTlKalIyVnZGaWU2THhRQ1FNNSs0TFJMUURCVWZGUUJLcw==
,b1RTR1lIbThRNkJGZ0dTOVI4Q3JsY1VwY0FOYTJuTDdqUVRkd1lXTHBjUS80WHBSak8veGtWaWNKaU9CcUplSDY3dWZwbThRZGI5d1VHcEd6RFpRZFE9PQ==
,b1RTR1lIbThRNkJGZ0dTOVI4Q3JsY1VwY0FOYTJuTDdqUVRkd1lXTHBjVDlCM0dJVm9xRTk4NjRxTGltVDBEMmlTRG5jY3ROK25Qay9hcFU0QTJTaGc9PQ==
red background,aG9QbkZlZzU1UG1ON0hDSm8rNEdwSDVLaGhWUzVaYmptSU9aM203TlhRQnp3dkg1bUdma1JmWmliL255SlhxZTdIOCtxV2s1WWVtZVJoTFJXTVIvMGc9PQ==
blue feather,K0ZKUjhmVTFZNmVOaVB5YkhVQW5rNjlIbks1amYzLzMxNXh3ZlN2YUNkVENxOTUzZTJQcjVFTzRLYUd5cG9ETg==
above hand,K0ZKUjhmVTFZNmVOaVB5YkhVQW5rejI0OFp0TFJCckhPaHVVOTg0NVpZbjA5WkNZYUtEUHZWQlkyVWI0Q2JoYw==
golf,R3NjVmRlZDdKaTNYZ1BQT3hpbkFodTRLL3FFZ3A3YkZFUDhQeUlUTTd5cmY0M1hkN0lTM3lYa1dPSS83QlFNOQ==
basketball,MnFwTlJKeno2a0N6NmJPd2pYVkk5K1l3MHhGQ1M2YU5MNGZJbjBsd2p2eGg5N3RuZ3dTaUNtWTZmY0xFK2JWZjB5aVd6VUtwSVZHNDcxYmMzQ050U3c9PQ==
fishing,MnFwTlJKeno2a0N6NmJPd2pYVkk5K1l3MHhGQ1M2YU5MNGZJbjBsd2p2d1gxMmFVVld4Sjl5YnBGd0oySFBQdHdncWkyNktTL1dTZGVWeUZpZzdObmc9PQ==
glasses,Umg1cXBYVThOclhyQkUrRTU3T2hHd2NJUGRRYzNjeitoTUtOLzYxcWI5N2x4VlJHMEFzOXNmQTM2R25lYXhQQ01YNWg3RE1lZ2VkeitqNHBwZ2Q3V2c9PQ==
glasses,Umg1cXBYVThOclhyQkUrRTU3T2hHd2NJUGRRYzNjeitoTUtOLzYxcWI5N2x4VlJHMEFzOXNmQTM2R25lYXhQQ1VRV1ZBN3Izb2pZRVRzWmhrVnlaWlE9PQ==
sun,Tjl2VnhVNWZNMVhWME1HWDhaZnRyUVliSVlrVkFhTXNQU2ZVZTdWN05xMEZWd0pGeThuSngvWGhHdDE5VUU3bQ==
yellow hair,S0lQUXhTTVkzQzdPSlhQTFdWOG91czl4TnduM2h2bVJqbWJHQzBOOWd6bWh5bVpqck8zRHovOHBzb1VJTHozLw==
yellow hair,S0lQUXhTTVkzQzdPSlhQTFdWOG91czl4TnduM2h2bVJqbWJHQzBOOWd6bTlZYVI1U1lid0o5cmJUV1BOZ1dIKw==
ice cream,M1Z0OGc5ejRxZjQ4OTZ5MnNaSTh0ZGhmSGV6VExUN1dhS0dWdjFoZTViRnVXb0Z3MjlSRHNVZWhCbVU3dmYxek5tRkRsWGtpMmVYSDkxTWd1N0d2NHc9PQ==
ice cream,M1Z0OGc5ejRxZjQ4OTZ5MnNaSTh0ZGhmSGV6VExUN1dhS0dWdjFoZTViRnQ0K1JYeVZQTTRLcitScEJBRjZqWjZmWWFzTVhhaGJIbmQrYWgrcjd2K2c9PQ==
pink hair,MFRtR2J1eGw4bnZTN2xqQjBqTjVFQXVwSmJwRVNBa1YzZGJabmprMHplN3ZTN29kSTVvaDVpVERUSmY1Y2FHUXkrM0tiSE5UUnhSa2E0VVZQdzJUNFlCTmEzOG1uVFVDMkdzelJqL2s2R3c9
pink hair,MFRtR2J1eGw4bnZTN2xqQjBqTjVFQXVwSmJwRVNBa1YzZGJabmprMHplN3ZTN29kSTVvaDVpVERUSmY1Y2FHUVdoeUEzcnpOMXRKYzZpTmVqSlhoOWNQMXJhckd1d3ZtMHYzVzlZY3JVeFE9
yellow,M1Z0OGc5ejRxZjQ4OTZ5MnNaSTh0ZGhmSGV6VExUN1dhS0dWdjFoZTViR3IvT3lKeGdmaUFuYXF0bU9IN2hrc0Noa21kMUFaei92eUQvcDFicVhReGc9PQ==
up,RUVOcDg0eTVzZVhuRjY5MTZER292MkcrOEMrWml1Z0hmOVhEVXlBZ0RVV1lPUHVMai9kQWg3L0dlQ0NxbUQ5ZQ==
down,c0wxcERvZEtRRWFDR0pYcnV6WU41aENwR0FKdHFLNERWcXQzbG4xR1RpNEpxcjlYWVpxTDFudmt2MlBNUkZ1RQ==
pizza,ZnNVaEVHdFdRdUpDM2ZNZjJmWmxqV2F6aHJMeWlKZnVtazhpeUxRT3U4YkZMZkxHVE95d0ZPU0R3SmM1UnZmcw==
bone,S0lQUXhTTVkzQzdPSlhQTFdWOG91czl4TnduM2h2bVJqbWJHQzBOOWd6a0gyNFZCSjJuanBzVGNNUDRQRmlwZg==
yellow,Yk1nSTBaQXhWNXV6NURJbldkaUFUOUtxSHlTSGQvVXEwMHRIL3Q2RTlQL2RZZDcxYmY5ajQzdllxWW1zcDIwcA==
lion,K0NhN3dBc2h5eGMvTEJqQXBWRC9UQ0VqQUdjWmNvT3UvSFpoVGxrM3hPSi8xV1podlJ4TEwzTi81a3VvanRXeA==
horse,aUJFZWQrYzU1MndTRThMWjVEQXNqSlZXWnE0WmJ2eVNLZTFlVXpWelZGTDlyMmppRUlzWmE3VFlrL29MWFdmZQ==
up,UHZ2OEJUZjk1N3o0S28vdnUwcytnbWFWVnRHSEVFaU5pY3FmY1RORmJ2N3JNWERZak5XdllpbTZ0QjF5aVVmaQ==
fork,K3pEa2wvSDJZaDRvblViaUdFZ24yM2R3ck1SMldlci9BQUdnZGhxUU0yOThIbU1sdGxtRllYYlZhTEd1YXhrRg==
fork,K3pEa2wvSDJZaDRvblViaUdFZ24yM2R3ck1SMldlci9BQUdnZGhxUU0yOFhHemcrZE5UQU92Q1lxeUE4dGh5Mw==
brown hair,L3djM0FBVkRrOWs0S0RYRWN6WWRtN21FUlZ6YVM0eGZDSGgvOFFOeVVlSiszOFBPSVg2K1RsTGQxcXpwTWJKZDErTDJFRWRUSEliU1Z1b08rVlV0dVE9PQ==
police,NktSK3NYd1FiU003b2orK0lHYnVTQy9rYWlweHd4RjJTVjNFbE8wU3Q3VUNoeXRKQ0ZMcHpGY3R2U09zL0tPNUYrMEdFRXR1ZzZra3VjNTd3SDdJVEE9PQ==
red background,SHJlcDlhMHNQUXNkbnUwWnVsNmVRcE9jVE5BaHpHS3FvcXNIVFA1U2NsNVhnTGxwdkRPMWQzd3NadkU1R3kwODZVdGo2NDFqK29xRVZBSllTZ3BBQ2c9PQ==
stand,SHJlcDlhMHNQUXNkbnUwWnVsNmVRcE9jVE5BaHpHS3FvcXNIVFA1U2NsNkt3TUpNRk9Kdmh5VkREaFVESFpvOFdEalNSYmJEenpiTFViUGg5czZOT3c9PQ==
black hat,VmtnbHd5V0dXd0VkOVNtTWl0am5jKzluMWh3cm5PVVNoQ0R3eU9mSCtKZWl0Rzl5RzVRL1NzZnJYeUxUVGVrSWwxeHkya2N3MHNFVjhQTFhiRDF1TzdBeWVTMy80WWlBMzBRWkowVHlvSTA9
brown hair,VmtnbHd5V0dXd0VkOVNtTWl0am5jKzluMWh3cm5PVVNoQ0R3eU9mSCtKZWl0Rzl5RzVRL1NzZnJYeUxUVGVrSTh1ekJJbVlnTXI5L1hDWDZPYjR0YXhJQUtmT1locExVU2htZGlnS2k1QnM9
red background,aG9QbkZlZzU1UG1ON0hDSm8rNEdwSDVLaGhWUzVaYmptSU9aM203TlhRQkRnY0Z4a3lINkNRK2FpQURQL25sZnYvcGw0MG8vNTEybVkzNlZIMVUxWXc9PQ==
red background,aG9QbkZlZzU1UG1ON0hDSm8rNEdwSDVLaGhWUzVaYmptSU9aM203TlhRQjNLVGhjcE42ZEU4SURlQTI1MTN2K0VHUnhuMUdCeWZtTFEwL0ZsUURYVVE9PQ==
horse,UldYaDhOcHY2N2tJSFFaY09MdDRkUVFGSU1SZXhYNDJlMWxLTkx4bUNjcWQyZ3BxVkpJeUVucVZLMzJqNjJKaQ==
green tie,eWRoK0NEdHpLK0V5YndVS0l2RWZNaXd5K3F3VXY0eHd5L0RpaDhRNmVJaHJaaFpIM2tZNXNUczF1Q0VyNyt2cA==
right,eWRoK0NEdHpLK0V5YndVS0l2RWZNaHc1NlhoQnRmTmoyY2trZmFBU0k2cW1mWEVrTW5vR3ArMWU4R055MDRaTw==
red hat,azZSQlQ4cDdXazZvT0ZBUWZQNmdCL082TG9yN3FRY3dGWnZvdDVIallrZ3ZkTXNCQVI3UXFZS1g0VmlkZWpKNGZ0Uy8wUzZRTisyaXVvVEphMGhiT0E9PQ==
police,NktSK3NYd1FiU003b2orK0lHYnVTQy9rYWlweHd4RjJTVjNFbE8wU3Q3VmFUOUltRTIyeWdicVJBdG9OMUJVMGZqclU1MlNqY2xCdUkwR0VmcURWN0E9PQ==
police,NktSK3NYd1FiU003b2orK0lHYnVTQy9rYWlweHd4RjJTVjNFbE8wU3Q3VVA2aGlQMHRoTWNEM2NaN2laZWVCVy9YSXlibzhTYkhvU2Z2WUZsS3BjSkE9PQ==
brown shell,RUgvaFkrSm5LNkhzd3JlSWtwN1ZSYU1wODJiak1RYmtNM2xWajZJMlhDVTlIRzVDTFNiMEFnRDhKaVhJcDlPR3hacmhWQVJYYTd6a2FmUURZTEVFanc9PQ==
brown hat,RGxyQkhIZXkraE1XSS9EVFpIaVZsSUFhWVZhSGdpdVRzREZZV1lkdTJFUUZCeVc5UEU0andVbXBjREFjRTBSVVFCWHo5b2lFMnNIdC9MenB3bVprbWYybE1nRDJWZlVualFoS0kwOVpFaUU9
ok,UldYaDhOcHY2N2tJSFFaY09MdDRkWjFNQjZROS9oejlkdmN2OTJWNHpvUTdtVmVOcmFwZ0F6VURpZDlHT0UyRQ==
,UldYaDhOcHY2N2tJSFFaY09MdDRkY0E3dG8waVZ6MG9GUnNRR2lZampvSEpEcXVoNnlWWnN6ZnVhd2NCYWtWRg==
yellow,M1Z0OGc5ejRxZjQ4OTZ5MnNaSTh0ZGhmSGV6VExUN1dhS0dWdjFoZTViR3dxN3lmQjA0QVh1MitJQzZYN09WajZNLzU4OTcwck1mMU9hMFFuN1gwWHc9PQ==
red tail,QWpHYWpNS09hbmgxUmVNMXJHNkg3TDFaNHVGWFQ4NjBaUWJxYXg5eUVLWk5rbHFFV3kwVUFTVEN2TFVuenpxRmlRT0hLK0o1WndPRVlGditFUjlIcXc9PQ==
golf,R3NjVmRlZDdKaTNYZ1BQT3hpbkFodDhBNXFPRTcrUE5TQ2RGVTVROVQ3UjBUSG9wSnMwZ0pmMW1IUE5jMjVUUQ==
orange clothes,alVXSHdJMk9CUW83WW1hVEt0amtibXArWXE4a3Q1UTVuOUJlbmgzdjRWRmlWOTgxZWtYdG5PZjFubk8xN1QxT2VLTWQ0ZG5zRmtHaEg5eGFsbm5HMVFIVm84amdCMWtlNGtsTDdKc2p0ZWc9
orange clothes,alVXSHdJMk9CUW83WW1hVEt0amtibXArWXE4a3Q1UTVuOUJlbmgzdjRWRmlWOTgxZWtYdG5PZjFubk8xN1QxTzMxRXF6aW53eWJJTHNDcVM2Q1ozTHhCbVBJL3B4RFhjczdyNHZ6cjE1Z009
orange clothes,aVNaWW9McmgvQm9hM213WVRSMzNQQ01VejJwdFpzbjRSN1Z3RmF3S2tEUmRvY1ZpSTh6Yy9MYjJ6TnRSYStrVQ==
fishing,aVNaWW9McmgvQm9hM213WVRSMzNQQ01VejJwdFpzbjRSN1Z3RmF3S2tEVDhXc29ISHFBdDY4U044b0tKTzFSMA==
yellow,M1Z0OGc5ejRxZjQ4OTZ5MnNaSTh0ZGhmSGV6VExUN1dhS0dWdjFoZTViSFAycHRxVE9FN1BiWHc2WjcxMUpTRFB5U3M2aTdVMDY1R3EyYTZhMVg0S0E9PQ==
brown fur,UGZRczRyalVFU1ZROW9QQVFQNEJ1Nm04SWE2UjdWeTEvN3R5VnhxbENNNFpoMzRQYk11TlUrc0N0R0xDVUx6WG5sRXFyN0RqR05zRmNvbXBzTmRrS3c9PQ==
blue pillow,UGZRczRyalVFU1ZROW9QQVFQNEJ1Nm04SWE2UjdWeTEvN3R5VnhxbENNN3poOHRhYk0zOVRZc2QzRlFKSitDNmZCWTJVanhuV1NGSFNFeGNpMGRoOWc9PQ==
right,Q0RoMnJVZG1oc3VjZ0QwOFBrVkQwWHFNcVRWblM4OU9oWFBuaHJlTmpwd0gyL1FVME9ubGk1b2tOUWRUTjlRVQ==
above hand,Q0RoMnJVZG1oc3VjZ0QwOFBrVkQwVFNjeW1BN2JCZWVBaHBpV0h4aEVtcDV3RDJZSGhuTkhnRmQ2T1ErL3FObg==
above hand,di9mbS90WnhKSFZRL05pQ1FvZTNlYmdSeXdqMkZYVFR5bkJ5UXRZUEVvazd4R1ZMRjdDVUE2WnpaUWF1bGdBZg==
sing,bjBmTjdVUkd0MWVNMzlwdmd3WndhalRKUWNoWHNYVXp4ZEx4WWZ6R1RRdUhPbEhFYlU4MlFqVytFSzQ1TmRQKzBFL21GUmIrVDlsYy9rQ2NFYTMyNFE9PQ==
sing,bjBmTjdVUkd0MWVNMzlwdmd3WndhalRKUWNoWHNYVXp4ZEx4WWZ6R1RRczVmYUo0Tk1VTGgybElHaWlNYzA1czZQNjEzUVNpY3NwTTlVT01ZelpxL3c9PQ==
brown fur,dWpQaVU4dlRZSmg4VlVCTTNvMjZ1ZTNJSU1nczZLYkhOSXJtbmRxWWFUZHJySHAwV04xRjhtUXM1dktIbDlZeFFaSHlETWhzQmNvTURNZGFKeElGMlE9PQ==
brown fur,dWpQaVU4dlRZSmg4VlVCTTNvMjZ1ZTNJSU1nczZLYkhOSXJtbmRxWWFUY1d4U1NHVTZwNHNINmw4Mis4dm1OaHpNRHF2SndIbTVWUXkwY3JIZkVCVUE9PQ==
yellow,Q1RFSGJEYVZpdGFEeVhVd1NldmVnNlY1UHduWUN5MUlvWlVQVHl3UlVPT3o1eXNhL2JRRVJvVjNFOXJncHJtUA==
sing,Q1RFSGJEYVZpdGFEeVhVd1NldmVnNVMvZHNUOGc0c0FpTGcwVFVSck5lRWpOTWpDb0RRYi96S0dLUkdOSFAvWQ==
swim,YzRuaHlQZVptYVRGck5nUnFSc3pSQUthTXRJWldvUloyMVprWDFjYmZWVGhpQUNhTEh1STFxNThIdzk2NWhmUQ==
swim,YzRuaHlQZVptYVRGck5nUnFSc3pSS00vWFJDQ3B4NmRPZGpqNG9MZVFSL09OTDFtV3gzUG9KNGRVMTRKZzZmSg==
right,eWRoK0NEdHpLK0V5YndVS0l2RWZNa2FvSnNrS3lSZXBFMHhlbEFHS0xISW85Y3ZydzhkRTZJZWhjQ3d0RTRJRw==
girl gray clothes,ekQ2RVhQUkFnbW4wNUxDWGFDa0RFeFc4ZDgyUUJHdnRXME9NbWhvL0MxbzJFMlhlNFN4U3dPdk5JNjBmZUNPZDFrNU9MeHFFQ05EY3M3eTRRNWUrM1FwRFpoc3E4RmFBUzRsL1VscGVRd0sxOXg0NmFhdjVFVGdDaCtxWUtwaXprUy9KeEk2MDNmT1VCRFVsRzEyWjBlTHN2WlIvaDhSUjRvUXVLcElUMDhNPQ==
girl gray clothes,ekQ2RVhQUkFnbW4wNUxDWGFDa0RFeFc4ZDgyUUJHdnRXME9NbWhvL0MxbzJFMlhlNFN4U3dPdk5JNjBmZUNPZDFrNU9MeHFFQ05EY3M3eTRRNWUrM1FwRFpoc3E4RmFBUzRsL1VscGVRd0sxOXg0NmFhdjVFVGdDaCtxWUtwaXpSOHZTNW4vbksyWGVVSEovZVBaQitkeHc0L05IYnNlMVB3MS93ZGgrSm1nPQ==
flower,cVhEeGtSckNMYStKRXl0c2JFN2lyYXBYbTdNVGJZdXgwYnpmTVN5WFE4UDVEOG9IUVVHb2NjRm9sb3BBaU8xMw==
glasses,Umg1cXBYVThOclhyQkUrRTU3T2hHd2NJUGRRYzNjeitoTUtOLzYxcWI5N2x4VlJHMEFzOXNmQTM2R25lYXhQQzVrd2kwSU1oR2EzT0E5dHhXWHZORmc9PQ==
apple,WVhhWk9xTVRFMzJqMS9VTzJnTUUzUXl6Y0dwZmNuUzVuYm96b2xYN3VZeCs5OEZSZHpOK1IyVzM0dUVYMGR5Nw==
brown,THhzUzBzc1l0cDZpT0lZQnd3Q2NWbDR6RjRlcjBoV0crYjQ2bFR2aXVLUUtrbnYvQWM1M21rdHdtWXVnSG13QWNqUVpxeWdHTDBVWDdMaW9SWGRQa2FRMzhHQzN4RTVNLzB3Z3JsMmZZbjA9
doll,NWNqZ1BxMmEvaVF1Wm1CYW5JU0Jqc0FCaWFVRks0M3Ixa0RQT2YrT1d2K2VocENSaU5jOUtLYXdpa1k3ZzJxSQ==
doll,NWNqZ1BxMmEvaVF1Wm1CYW5JU0JqbngwUE5FMExKK08zTTJuZFJRMng3bDdJdGNDSzZtcjlMOFZBa0NoTm05Nw==
fist,UUFBZitoZGU4MTlMTk9zY0FCZ1VuVUl4Y21XRXhGSFJwYUN2ZXN1eTcxR3dCVlJ3VEczbnBoSXFEbmdnTVBFYy92dXB3VHRqdC9TWHg4aXBFWWNySEE9PQ==
basketball,MnFwTlJKeno2a0N6NmJPd2pYVkk5K1l3MHhGQ1M2YU5MNGZJbjBsd2p2d0lJVUR5ZTN3a2E3TDR2cERmMGZ2M0tyZDZxcGtZdFdsRmVjcVFCLyt0c1E9PQ==
brown shell,RUgvaFkrSm5LNkhzd3JlSWtwN1ZSYU1wODJiak1RYmtNM2xWajZJMlhDVUxPbGZieS9xZEhzSFo0L0RlVm8wZTcwb0U3UkIwZXF0SlBieURGaWlBTlE9PQ==
brown shell,RUgvaFkrSm5LNkhzd3JlSWtwN1ZSYU1wODJiak1RYmtNM2xWajZJMlhDVlUwVzViTHZzUm94ZjJ6dEp3Q3Jjc1pQZWNhaHdCUllQdG9XajdXUW0rU3c9PQ==
black clothes,ek5vOEhUVFROWVk3RlZFZXQraG9hUFhQV2xXZ2dyS3dJV1UzakdiS3h6K3BvaUZ1eDQrL0N0RXlpRmVVSUFoMVl0Y2dLWEF0T214dklQOVpIMjhRb2c9PQ==
up,RUVOcDg0eTVzZVhuRjY5MTZER292N0RZNUhMN0JxdEpCRUVudTJUOXZOWW16dGljUEplR00vVDZhRitwZWlHdw==
flower,S0lQUXhTTVkzQzdPSlhQTFdWOG91czl4TnduM2h2bVJqbWJHQzBOOWd6bVltR0l3UGxtT1JWZGVDZjh4WUNIaQ==
red clothes,THhzUzBzc1l0cDZpT0lZQnd3Q2NWbDR6RjRlcjBoV0crYjQ2bFR2aXVLUUtrbnYvQWM1M21rdHdtWXVnSG13QTlpaUNmRElZZ0FnZ0h5clNvRVN1MFIrLy9EdTRzdG8rTy9WODRwVm0wQ0k9
yellow hair,bWVQcTZCUDJ4VVE1MlRJOXcwRFRFZUZsdklpclB5dDJyK2MxTDgwaHM5SFFWMUZsWGh4cnZ6VjZsekhqcHJBd0d5dTBnVVo2UTdnOFYzbHUwMHhJbmc9PQ==
running,bWVQcTZCUDJ4VVE1MlRJOXcwRFRFZUZsdklpclB5dDJyK2MxTDgwaHM5R2NybzBzTDhNQVRyVHAwR2h4aU03TTRTU0VIQlp6NW9IYXJWeldsTFhaUVE9PQ==
,UzEwVWdnNjY0Y0twZXZHUWRYZmVwL1ZESE9kZmppTXhTNDlKeEpIdEVYdDc0TTlXbjBtTGhxZnhHc0FNZzFVU1RlbU1qaDJFV3ZKMjhXVTNEc1d4WHc9PQ==
fishing,SnNvYmZmbGZhVkszTWN6RmVML0RSL0kveEpaQmZUMFRJbWxsa2VlWncweEkyV0gwZXhWb1VXbHZhNzh3ckFCVw==
black hair,SHJmc0dPYWcxbUNjU2RhRCtsc2kzdlhFWDlkTWdwalRIRFpBcTYwZk9NU2RhNmdLdGhhelptZWRMb2s2WC9lWFNzbXdUN3Q0YmhTYlRBT0RWcGxGdUE9PQ==
gold,SHJmc0dPYWcxbUNjU2RhRCtsc2kzdlhFWDlkTWdwalRIRFpBcTYwZk9NVHc2Qk1mVkxoL2R6dXlxcXBzMkVEb2N2ZThsdzl5M3pXbWlFY1EzYXVnQ0E9PQ==
pink cloak,RGppN0ZiSmlSbUdhRzRXWGM1ckFxWklhQTB0QzhUN3VRY2U3RTU5RThTUUpaY3RCK2xOQmhoelhGb0FLSEg1c29ieVBSOXROSFNBbHlNenZZR3JxQXc9PQ==
left,VjBJOFVYNG1VNy9RWUdFZ2lRMm95VW05cDF4Y2NBb05RRVpOVVNJbitvekpvS3hFM0wzZGE1bG1PMlFsUGhMMA==
,NWNqZ1BxMmEvaVF1Wm1CYW5JU0JqdkF5RkNHaXF1bXJjdVlmd08vSTEvS25YdlpQT29jZzBkRXNrbGNRWDJZZw==
horse,aUJFZWQrYzU1MndTRThMWjVEQXNqUDRGeGdnTXByNVIvc01jblNsQ2xqOTcvUEtFT21kaldnNkFGY3c2WGNqaw==
horse,aUJFZWQrYzU1MndTRThMWjVEQXNqTWw3c2FxQ01sL1NTM0tLY3pnQmdPOWtmQ0ZiVTRncjdIRzZZRE1rdE5hcQ==
no color,TE9QSm4xOGVkUXo2R2svWkJrdUwzMHRocEhHODZqZmVPNzBONEp0clhLd2lNWms5NXJVRDRBZkhKS2Nja1g3VA==
no color,TE9QSm4xOGVkUXo2R2svWkJrdUwzN3dmOE5TMHZzT1IrdFZEbWhWUGhaSWYrV1pUN0RYN2tvUjBjcy9GdUlueg==
red,ZnoyRkJFenY5eit6MExmSHNmcTdva0N0VmJNTGxvM0pPVElhMmZxemhDY3I5RTFGRlgwMVdFVVh0eXhlbGJGZg==
brown,Z0MyUFcrOVFGVnBjSUhCUkg1STJrVGZoTG1kbE44U1QvN21HVk9EMWhFdlFvbmRxNTR0NjFYRHBreVJLdHB1aA==
down,K0ZKUjhmVTFZNmVOaVB5YkhVQW5rMkJNN2ppc3duSUhHcWM2RlYvc3plSjU0b0ZEbE40VWVORFloYlJ0N2lpWQ==
cup,K0ZKUjhmVTFZNmVOaVB5YkhVQW5rOCtOYXBEWXBnbWgyV1NhYXZHQlhYaU9TcDVoclh6VnBteG9RQmQ3bUkweg==
yellow skirt,UEhYcEFyazlDUFNXYkl5VDUwRXNMRWxZYXdmTkdPTG5nNjFKY1lCT0ZqdnhpSnhSaU5nNTNXTWZkdHBOaGdNZkUxeDNFYkF4NWhIelAxdEJVN3d2Nmc9PQ==
cat,TkFZcFRhVS9PMUVqMWxqeW9BN3pCcld0eVJ5TnMxbGF2b1J1MFNINVZzV2lVY2tBWlhKRldyTGMybHM4MVA4bw==
cat,TkFZcFRhVS9PMUVqMWxqeW9BN3pCa2ZsMVJ4NUNtREdUSGx5T2U0bTNobEV2ampHQVBPdjcrTDVPcUtLRjhhSA==
smile,OFQraTd2bnc2ekpDM2FKSEFYSFVwZFdhbEdRandQRFlseldtbTA1eVBMSFRaN3FlS0laRjV6dEdRVHIxMU96UQ==
yellow,OFQraTd2bnc2ekpDM2FKSEFYSFVwVGlnTDBNWG83YXV6QlpFZmFqQS91Qkt6bzRjSnNUUU04QXhLWjhnVDZTbA==
pizza,ZnNVaEVHdFdRdUpDM2ZNZjJmWmxqUUc3VExsaGZRWlkrZXNFeUpiNEdyWlpnYnBrM0pLekd4dGpLcWxMUUY3bQ==
pizza,ZnNVaEVHdFdRdUpDM2ZNZjJmWmxqU0UyL1RHaVByT1laSFN2UWNJK2V4YURROTc1Q1BrTkgrc1NRZmI5QmxhTw==
blue feather,K0ZKUjhmVTFZNmVOaVB5YkhVQW5rNWM3OTMrVDcxSUxoMkJhU0N1SXRwbm04b1Q0M1VtSHVCa1ZtbHpCQXFpWg==
black hair,SHJmc0dPYWcxbUNjU2RhRCtsc2kzdlhFWDlkTWdwalRIRFpBcTYwZk9NU3NoK1NPOWJWMFBYUjg1OFVuMFR0QnVmSGl5d050c2lxUVMwN0RiUEN2UlE9PQ==
black hair,SHJmc0dPYWcxbUNjU2RhRCtsc2kzdlhFWDlkTWdwalRIRFpBcTYwZk9NVHExUEV2V0pOVFRnQ01VV0oxQ0V3WkVXZlI0eG51MU0wSldnR1JRVGVMc3c9PQ==
fishing,SnNvYmZmbGZhVkszTWN6RmVML0RSOG02K0NHNFdTcW53blZEYzdHdFl1WHcvQ3BrWDBxNXNzQVlrZjY0QjBjeg==
green clothes,NjZDUHc5TXArS3JvWnQyUjhXTllieTVHVGZvV2dZUWs1WHZ4eWYyeU1tRVhNS2VxOGVYbmQybDJsblA0Zm5LUDA5R2JFR3hRNktpeWcrdmtFbnQwN1E9PQ==
green clothes,NjZDUHc5TXArS3JvWnQyUjhXTllieTVHVGZvV2dZUWs1WHZ4eWYyeU1tR29lbTBxeWsvdnZMaFBLUXpiNGxrcjNmbGg0a0phaUtjNG9hN05xTWE1TVE9PQ==
red clothes,THhzUzBzc1l0cDZpT0lZQnd3Q2NWbDR6RjRlcjBoV0crYjQ2bFR2aXVLUUtrbnYvQWM1M21rdHdtWXVnSG13QTV6b04xcHJ3U2ZCcEJ5bW1FSk5DTExQcGk4S1RoWGVtdERGS2RpUnpQK2c9
green clothes,THhzUzBzc1l0cDZpT0lZQnd3Q2NWbDR6RjRlcjBoV0crYjQ2bFR2aXVLUUtrbnYvQWM1M21rdHdtWXVnSG13QVh3QW84eG81ZzUxcnZ6TGFOWnhVMkpLT0MyUEU4OVY0VDR5VW9hYVJzaFk9
birthday,VGJjaGNuMHFOMThnQWdoaHlvWE9lam03T3o1U2paL3VxRlc3dVNLVW5zRGJWYStkKzBadHlGMnhwVzE3a21IaA==
green clothes,VGJjaGNuMHFOMThnQWdoaHlvWE9lam03T3o1U2paL3VxRlc3dVNLVW5zRE1GeVI0QmpHc2Jid0Mxd2Rqd2dpQg==
basketball,MnFwTlJKeno2a0N6NmJPd2pYVkk5K1l3MHhGQ1M2YU5MNGZJbjBsd2p2enJ3czhielR6ZEhvcUlXbzV1cVJHeXkxL1l3cDBHanRGT0xackx0SVlIRGc9PQ==
copper,cVVFTURJWjFaMURUakhUM2IvSmJrQm5pWGE1NmlrT0Jtd1NNMm82cWl1bXQ0MTNyTXJpQWNsWXU5dENUc3NFalFlYlY1cEN6RFkwYWE4bEJmazF5NXc9PQ==
copper,cVVFTURJWjFaMURUakhUM2IvSmJrQm5pWGE1NmlrT0Jtd1NNMm82cWl1bG16MUppWkpjR3RTOG5VWDRvbEtCWVFhbXZlMC9NNW42V2VRUjdkTkx1WXc9PQ==
fight me,dkF1cjlPU0NNRDY2UGs5U0hKRUVZem12N0xOTW1Xa2ZhL1NRTUsxNUU2VVBwNGpsb0txQ0tWY3RQKytYSXIrdy9oTkFKL2RDZGVOM2tYSElsRHk3UFE9PQ==
yellow pikachu,emU1aFJnV09hZ0p5VkJCTnlUMldzK1gzN2FRdGlHTXlWZk8rQXM3RDZnMlp0MkhzZ3F5ZElDZ3ZuelZqYXN2a013R0JYWmhIL2JqQnVjNjZaOWdCZG9qME1wRFR6VCt0b1Y2Nkpoc2ZLZVU9
yellow pikachu,emU1aFJnV09hZ0p5VkJCTnlUMldzK1gzN2FRdGlHTXlWZk8rQXM3RDZnMlp0MkhzZ3F5ZElDZ3ZuelZqYXN2a0wzQkxrZXJ5NFo0UElVMVd5SGlHVGlRdkpBVnpNM0hwdUNjTVEvTWJKTXc9
no eyebrow,TTNZbXBJbGwra2lQZ0JQeGEwVVlrVlhDeTV1SHp6UjNhVk1uUGhtNUNsdWkxblNrSVUydllaRGZDNlhGRWdZNWRSYm1ycFhaaDdneFk5eTkzK3NYd0JDV0pBeDB4eUxkSEUwWHBzZFhxaW4xSmRTeUpqTVYzVjhBaHV4N2gzKzI=
no eyebrow,TTNZbXBJbGwra2lQZ0JQeGEwVVlrVlhDeTV1SHp6UjNhVk1uUGhtNUNsdWkxblNrSVUydllaRGZDNlhGRWdZNWRSYm1ycFhaaDdneFk5eTkzK3NYd1BkUGYwT2dKekNVUFpEZXBld2kwK0Znd2FVOEZXdnJMRTNSSytlTnJtUzk=
pink hair,aUJFZWQrYzU1MndTRThMWjVEQXNqSkM2cWpJNVhhbmpVS2hMY0ZZM1d6RDVwOUVjbHZzSUdNcFNwb2JsVC9YNg==
horse,aUJFZWQrYzU1MndTRThMWjVEQXNqSjdSYWVwVHo1cSt6SkZkdklhanQ0TEkzazEwMy9rdlY4RGFGdk4wakNCZg==
fight me,dkF1cjlPU0NNRDY2UGs5U0hKRUVZem12N0xOTW1Xa2ZhL1NRTUsxNUU2V3NvUXord1MxaDloRHJQWjUvcWZEQmNuNGRmcEw5QmNlcVRKaUo2SVUzS0E9PQ==
fight me,dkF1cjlPU0NNRDY2UGs5U0hKRUVZem12N0xOTW1Xa2ZhL1NRTUsxNUU2WFcvZXcwdkFoclRaZGxxTFBqdHlFL0dDTms3THFJL0FzYUFObzVwdUhDVmc9PQ==
basketball,MnFwTlJKeno2a0N6NmJPd2pYVkk5K1l3MHhGQ1M2YU5MNGZJbjBsd2p2d0dFbi9ac0lNek1jOG1lQi9kODgza1NPU3Q1YXd1ckNRZHZkYkk1aVRpNGc9PQ==
brown shell,RUgvaFkrSm5LNkhzd3JlSWtwN1ZSYU1wODJiak1RYmtNM2xWajZJMlhDVUJ2bjM5Yyt6eHZiMlppeTdVcndaTW5kOWxKTVVVYlZkNmVqYjcwWDBaeHc9PQ==
up,QndZdGxsOGdYT0RqTWJ0aU9CL1dPNVI0T25zeXpoT1hMZmR6MGhSbWk0eXVMVmUyS3JyeThUQkwvM0hTZzNUUA==
rawr,QndZdGxsOGdYT0RqTWJ0aU9CL1dPd2lWR01jR3VrdlB6UXNxU00vWTh2SWtER1Fza2tTUFIvMXBXN1JUUUp1RQ==
tail,ZnpRMUhPYWhEUVlyblM0N21WQ2FreEhvWmtuYVZLQzFlVmh1T2cvWWlLc2JmSStUWVEwRzRtc1hnVzB5ZDNhZWd1RUZFWEZtWEx4TDNlUTRKam9LRlE9PQ==
pizza,emU1aFJnV09hZ0p5VkJCTnlUMldzK1gzN2FRdGlHTXlWZk8rQXM3RDZnMlp0MkhzZ3F5ZElDZ3ZuelZqYXN2a0lFVWVxaEkvdWV1TnlIenBEZzlvVlVJS3ErUWRrVUl2RnR6WGt5NzViQVk9
glasses,emU1aFJnV09hZ0p5VkJCTnlUMldzK1gzN2FRdGlHTXlWZk8rQXM3RDZnMlp0MkhzZ3F5ZElDZ3ZuelZqYXN2a3dkTUZIUUE4NXJOSEY0c25IUjNUeUJkY1hXL2JjL0RCaGJicmUvaGZBZ009
red cloak,ZnpRMUhPYWhEUVlyblM0N21WQ2FreEhvWmtuYVZLQzFlVmh1T2cvWWlLc29DclkyTm4zYTQ4aGJDM0FIeS9UMlhRZHpaU1VIcFVib2hRRXR5bDJXZFE9PQ==
black hat,UnhmME9vR3YxNTU2Vy93dFR0d0FiU1MxTWxHQVFSUHpJb0RncSs4Ly95dzlKMU1NVUlHb0ZNZkhvcUloVjVOYzRUZTR5bjVDZysza0JEYnd2WDRUb00zeWNpMldKTnNHUzFvY3FEVEpzWkk9
yellow pikachu,emU1aFJnV09hZ0p5VkJCTnlUMldzK1gzN2FRdGlHTXlWZk8rQXM3RDZnMlp0MkhzZ3F5ZElDZ3ZuelZqYXN2azBnd3VQZ3VJZ3R5YVQ1NW5JMG5SVFVCMEdXNEVZWmhHaUI4Mjdwc3NvL1U9
,UnhmME9vR3YxNTU2Vy93dFR0d0FiU1MxTWxHQVFSUHpJb0RncSs4Ly95dzlKMU1NVUlHb0ZNZkhvcUloVjVOY2VkakVlZDZONmNONDRwanhheTZvdU05V00wTW1XL3JQbzM0MUcrMlA4ekk9
stand,SHJlcDlhMHNQUXNkbnUwWnVsNmVRcE9jVE5BaHpHS3FvcXNIVFA1U2NsNlZVczY5dTM4b3ZEYWp0dWNCbThMSnVHNVRwQ1pVQm9mUHVEcGFRQ0g5cnc9PQ==
phone,SnNvYmZmbGZhVkszTWN6RmVML0RSeHVIL3B3N3VkUmJINE1vbkZtY25aU3c5K3IxejVtRENQQ0Z6UUtNOWNtZA==
brown,WXN2QS8vUWJ2V0xrMXp6dnhuU3FKVFlxc1JPRnJoYUo4S3o2ekc1RzFFeEFuL0FrSlpIYkJwdlo2TDI4RS9vUjNyVkpHQ25CT2F2a0dQSFZld1FWSHN2L1V5Z04xQVJ0TUZmUlFWU0F6NGswQjFwMFU3WS9sRFdSU04vSTZsOFJpZEpGQkNWS3g1c2xwSTB1eWJYenFBPT0=
apple,WVhhWk9xTVRFMzJqMS9VTzJnTUUzZVUvUUx6bC9ubGtxSTdWRmVqbThXK0pIZU1MYkxMVGs1d0JRVUJ3elF2ag==
apple,WVhhWk9xTVRFMzJqMS9VTzJnTUUzYXNWcVF0K1dOdmovTnpjcnFZYVFVdTBGL2o2UlFCaXBoYVFzdWpPUHVTMQ==
apple,SWJDbmVOb21RSnBrbXhaSm9UN2lGVVY1Y2FjckZMczIvSktybVlUV3VLYmUwYStFMkF2a2sveXJ2SUlIL2ptWGlEM0d2RUVqSzl1K2N4RDZHOXJyZlE9PQ==
blue hair,SWJDbmVOb21RSnBrbXhaSm9UN2lGVVY1Y2FjckZMczIvSktybVlUV3VLWlFpUFZ5cVJnUmhOSVNITWp5TWRUZFJyMU1HYlV2eEhseTdzV255M0tLN1E9PQ==
,ODg4SGNZYWdWT1d2OGhwMytrRHJYRDF1dTh4bTliYXZoYUl0Y3dON1ljTStLMWVINjA2ekREem5KaC9jbHJZRkJURS9aUHoyZC9TaXpqSG0xeTEwTFE9PQ==
orange clothes,alVXSHdJMk9CUW83WW1hVEt0amtibXArWXE4a3Q1UTVuOUJlbmgzdjRWRmlWOTgxZWtYdG5PZjFubk8xN1QxT1BTOWJMVm9vRXpjWS9lNVFYMk1IdGxFWGpNOHZPdHdyV3V3eFZwZE5jdG89
brown hat,RGxyQkhIZXkraE1XSS9EVFpIaVZsSUFhWVZhSGdpdVRzREZZV1lkdTJFUUZCeVc5UEU0andVbXBjREFjRTBSVWhsSVM0WHZjQnp2R1ZUWUNhc3Z5YzlWaTBVcWU0Qzh1WnF0V21SVXZRMGs9
brown hat,RGxyQkhIZXkraE1XSS9EVFpIaVZsSUFhWVZhSGdpdVRzREZZV1lkdTJFUUZCeVc5UEU0andVbXBjREFjRTBSVXY2ZVFKTWg5eVRqdmk1MDhXTFpndHI2eGpzK1BZb1pZaUZFd0N5NisyaHc9
meowy,Z0MyUFcrOVFGVnBjSUhCUkg1STJrYUd4WnRPdmUzOFpPcGpVL2xjNWtBVUl3ZW5nUWpySDdINGpReklyREd2WQ==
fist,Z0MyUFcrOVFGVnBjSUhCUkg1STJrYmVvd1cydzZyUktJbVBsQjM1QmxtVDBoM05LVTFRQW1heVBIOUJCU09CQg==
boy black clothes,WXN2QS8vUWJ2V0xrMXp6dnhuU3FKVFlxc1JPRnJoYUo4S3o2ekc1RzFFeEFuL0FrSlpIYkJwdlo2TDI4RS9vUjNyVkpHQ25CT2F2a0dQSFZld1FWSHN2L1V5Z04xQVJ0TUZmUlFWU0F6NG55U0plV1hoRjVtakhlTmhjM1pYU3RUY05UYmpnTm5Zc3pjU082UkNJNElnPT0=
girl black skirt,ekQ2RVhQUkFnbW4wNUxDWGFDa0RFeFc4ZDgyUUJHdnRXME9NbWhvL0MxbzJFMlhlNFN4U3dPdk5JNjBmZUNPZDFrNU9MeHFFQ05EY3M3eTRRNWUrM1FwRFpoc3E4RmFBUzRsL1VscGVRd0sxOXg0NmFhdjVFVGdDaCtxWUtwaXpseVdUNTZ6Y2d4U3pnVFVsUHRpTVBhSWExSjBibjRSNHpqd0NIczNyZktBPQ==
pizza,ZnNVaEVHdFdRdUpDM2ZNZjJmWmxqVlVHZTRFNXVpNmthQnRiRTJYWksyTjNXaDRaZlAzaEI4WGlpTkpqcmt1bg==
lion,K0NhN3dBc2h5eGMvTEJqQXBWRC9USFQ2MWUzUDhzREFVRkw2TG5LcElYc3lVNndxUVM1YlJuWFYrWjlhaEdMTA==
king,MENqeWJ1T2l4REoyek11eUp3QTFiUFY4UXNtQU84WGZHbmNmRjlPQUQ5cFZVSW1BVkxxTUx2amF1R2l1aVFYSg==
up,QndZdGxsOGdYT0RqTWJ0aU9CL1dPd1RmT3ZSTGtxUTZPRGFweERQN2VtUDZWVk9MOVdNM2Q0VUlIdkNBTkdmNQ==
up,QndZdGxsOGdYT0RqTWJ0aU9CL1dPOFpkcmlxOVoxT0NxUHh0RFNvVGtNeHJJLzhQeXZxWENVNzgrM1F3bXJDUw==
injured,cVVFTURJWjFaMURUakhUM2IvSmJrQm5pWGE1NmlrT0Jtd1NNMm82cWl1bnlORVRlVldUTDJwd29GbFBGdTM2Z2lDNTRvU3ZBUUdjVjEvYzJSaVNyeXc9PQ==
injured,cVVFTURJWjFaMURUakhUM2IvSmJrQm5pWGE1NmlrT0Jtd1NNMm82cWl1bUQ0aklYbGtsTGlvOXRMdi9qdEJ2cUxWejdKb0NPbnBlTlMrL2FmNldqNVE9PQ==
red hat,azZSQlQ4cDdXazZvT0ZBUWZQNmdCL082TG9yN3FRY3dGWnZvdDVIallrZ0RmbUJEMWNXV1VsdjJMRk9wUmFRSy9vb1Iyc1hmODk5b3Fvd043R2JheWc9PQ==
red hat,azZSQlQ4cDdXazZvT0ZBUWZQNmdCL082TG9yN3FRY3dGWnZvdDVIallraXV6alZZTW1qTkZrM1hlY0JYRkI2aWZqOUZQdXM3b0gxWTZKSkxCVDBrUkE9PQ==
right,Q0RoMnJVZG1oc3VjZ0QwOFBrVkQwVXJUM3Q4UXhTV2Y2WU0zWVJVcjVKb3VyOGZxdldBcmpCRUNTbkJuYjRMTw==
white background,RDVaM0doVDdXTzFldjFtUVdTdURXQno2VlJmYUVCbkY2MGJzazlaZ2VLbWRTNzFKN1BzZUN2RngrNVVTQWMwWkVjemNqREc4bjJ6TU5HVEVJNi9md2c9PQ==
brown,QndZdGxsOGdYT0RqTWJ0aU9CL1dPM2FLbHhPR3pYaWkxZ0ZmZmV2MW01QTgzSnd5TndLa0xaVE8vV0FxOXhpdA==
black mask,TGVXTGdINVJzWTNYNEhyd2pJdEZOQ3pMTTM5VzEzbnllRDJhUUdXQlMrUzhuRFlTMk50R0VWSzV1VFJTMzg5YndsWWNrRkFxS0U5TTdweFdVU2NrRlE9PQ==
black mask,TGVXTGdINVJzWTNYNEhyd2pJdEZOQ3pMTTM5VzEzbnllRDJhUUdXQlMrUXdsYW1BLzNMeHJOSnhCR3puUitaY01yZjcwZy9Xd2h2QnprZ1N4OU1oWkE9PQ==
green,cDVaN3JQN0x2MDIvTDAxVnkxanBkSnpaQmVVOVR5b25nMUFSdktnVHI3TW5EQTZZWUMzTFlFNkY0aWVnbHdBOQ==
green,cDVaN3JQN0x2MDIvTDAxVnkxanBkSnpaQmVVOVR5b25nMUFSdktnVHI3TXdzNzdyRGNFWjNOeWVwMk1YSFA3Rw==
fishing,OFQraTd2bnc2ekpDM2FKSEFYSFVwWmVGdHVJNXNjbkRiV2ZpeG1KNGwyN1ltV1JHYWZ4WVpBNER2TVhUYTIwRw==
brown,UnhmME9vR3YxNTU2Vy93dFR0d0FiU1MxTWxHQVFSUHpJb0RncSs4Ly95dzlKMU1NVUlHb0ZNZkhvcUloVjVOY0oxRlNSaUJwbTQ2ZVdtV2tadi83VGxtTjJPYWxnU1FsZ3p5c3d1TTZPdkk9
brown,UnhmME9vR3YxNTU2Vy93dFR0d0FiU1MxTWxHQVFSUHpJb0RncSs4Ly95dzlKMU1NVUlHb0ZNZkhvcUloVjVOY2E5U3JTMGRTbWFKVkVCWStGTWlDTkpOUDZtT0xGcVlUdndPU3BJZHgreEU9
green hat,UjZ1Q1ErcnhkTjdkZnJFaTFQS1hSQUdYS3lzamlQKzJSS2hsck1UZlFCSTdQZGN4bHU3dGc4eTR3czdWRG9Beg==
horse,UjZ1Q1ErcnhkTjdkZnJFaTFQS1hSSFVXR1ZPTGJFd2UrNDZYanJwaG9PVGg5dG02TVQ4MkhLa21EL044eW9VNA==
heart,Yk1nSTBaQXhWNXV6NURJbldkaUFUMUlKanBISURxeGJ4bHYvTVpyYkhjQjR0WG96eHVNYk14eDRXQVdsSTNPKw==
lazy,Yk1nSTBaQXhWNXV6NURJbldkaUFUeGtjQVkvVVNwY1NQQUtRR3FtYnQzUm1hdWhIZjl0bjUrZDUxMEY3eUNocw==
green shell,bWppb0M5blNHSis2YTk2RnZVZkxjUUc5M1F3bkZyeE5KcEhZSG0rZVMwbCtSWGFLRVF2L2JtZit6RjBpVnBQWWtFK0hmNUFpOEpacXhUSTM3Qk1uUklrbUVFdkJrc3Y0Rkx5d2F6SmF2dkE9
zzz,bWppb0M5blNHSis2YTk2RnZVZkxjUUc5M1F3bkZyeE5KcEhZSG0rZVMwbCtSWGFLRVF2L2JtZit6RjBpVnBQWU5LUmlGQ3QrWnhPbU40cGZ5elkvMit3bHlaQ29IdUpiNmlpSFZ2dEwraEk9
coffee,Yk1nSTBaQXhWNXV6NURJbldkaUFUMkNWQlJDK2xvcHdEdG9IOHQzTTkvUzdCSE5GaDFYZ1BXbisrUzhtTWVRQw==
smile,R3NjVmRlZDdKaTNYZ1BQT3hpbkFobWJ3YXZRZ2JOZy8wRFV6MEZrckxhWXRPa3F1T05MMlAxL2NWbUFmZ0lCUw==
glasses,emU1aFJnV09hZ0p5VkJCTnlUMldzK1gzN2FRdGlHTXlWZk8rQXM3RDZnMlp0MkhzZ3F5ZElDZ3ZuelZqYXN2a0g5U3N4R2R2ZnRyamhNcUtOdElSSzBrK0REU3QwdDQ3N3h1dk1sMnp2SW89
,SWJDbmVOb21RSnBrbXhaSm9UN2lGVVY1Y2FjckZMczIvSktybVlUV3VLWlNuejB1c01RS29Cb2I3Szg5NDArR0tsQmV1TTVvb2doMEVBRTh3dlV4Umc9PQ==
down,c0wxcERvZEtRRWFDR0pYcnV6WU41bklSTE5Jb1VpaDNIOHdXQjBJK3ovTGpoTzVmL3RKSng1RTAzU0dKaEh2dw==
green clothes,c0wxcERvZEtRRWFDR0pYcnV6WU41a2R5Y0pOWVE2ZmtCb0cwYUcyVXltY2dzbmJoU1JlUU9EMTAzWXBjaUxQdg==
,MENqeWJ1T2l4REoyek11eUp3QTFiT285L053NzNYRVVDWlBwWXNqVzV2bVMyNERnaHR0Ym9keG43WmQwaE90NQ==
,RGxyQkhIZXkraE1XSS9EVFpIaVZsSUFhWVZhSGdpdVRzREZZV1lkdTJFUUZCeVc5UEU0andVbXBjREFjRTBSVTdqWk9ETG1odXVoRUdidXltZDlUbVg0M0JxRkdnTTVxU1ltNHV3K21VUEk9
black hair,SHJmc0dPYWcxbUNjU2RhRCtsc2kzdlhFWDlkTWdwalRIRFpBcTYwZk9NUkNYODRkVFhNTWJXcys2Q3MwMzZmbWRyZGNmNlRobFRFd3hKRlVSYVQwT0E9PQ==
phone,SnNvYmZmbGZhVkszTWN6RmVML0RSM091UW9wNk9NRTZjVE1VQ0daVXZTc1VJK1JIK0lLa1owc0FxQjNPQjB5bw==
black mask,TGVXTGdINVJzWTNYNEhyd2pJdEZOQ3pMTTM5VzEzbnllRDJhUUdXQlMrUWE4RXIraXgwZ3NIWHNVTm5jWW5KVGFDNDZLN1hyZC9WQysrTGtlcUhaUmc9PQ==
black mask,TGVXTGdINVJzWTNYNEhyd2pJdEZOQ3pMTTM5VzEzbnllRDJhUUdXQlMrUm5OTSszQmhabFVaQXBIMTRlK3cvMzd1dHZ5b2FGQkVzS0Jsajc2SC9jbEE9PQ==
not fat,ekQ2RVhQUkFnbW4wNUxDWGFDa0RFeFc4ZDgyUUJHdnRXME9NbWhvL0MxbzJFMlhlNFN4U3dPdk5JNjBmZUNPZDFrNU9MeHFFQ05EY3M3eTRRNWUrM1FwRFpoc3E4RmFBUzRsL1VscGVRd0sxOXg0NmFhdjVFVGdDaCtxWUtwaXpWdmZwcWR6NW55WmdhVkJzckNhMDh2NnZyMCtOeFhVMmgyL2JOei9vTm9ZPQ==
not fat,ekQ2RVhQUkFnbW4wNUxDWGFDa0RFeFc4ZDgyUUJHdnRXME9NbWhvL0MxbzJFMlhlNFN4U3dPdk5JNjBmZUNPZDFrNU9MeHFFQ05EY3M3eTRRNWUrM1FwRFpoc3E4RmFBUzRsL1VscGVRd0sxOXg0NmFhdjVFVGdDaCtxWUtwaXpvMHJUVTIvQWFlcU5Kbml5di90aXJid0FWQnIrSkxkbSsvRG1LdlpsRDQ4PQ==
not fat,czdUWTFldklsWEVMYU9XMFc1NTRIOTNJa0FzY3FLc3ExZ0xIZmZCK2lPK2kzbmg5cTB6RHFpOHVZS2tRMVVDZGwzaFZjRkdVTnF1ajdLdndCckwyeFE9PQ==
red clothes,THhzUzBzc1l0cDZpT0lZQnd3Q2NWbDR6RjRlcjBoV0crYjQ2bFR2aXVLUUtrbnYvQWM1M21rdHdtWXVnSG13QURIRk1xTGdEbnpKZkxoVkI0cGc5b1dzK2g0WHhBTDFrb2Ivenh4cXIvb0E9
,0
candy,ZnNVaEVHdFdRdUpDM2ZNZjJmWmxqVnYvd3VBTDlRVWQzMS9zODI3Vk1MdXVsZm5XTU5iaVhwN3pvUGxIbnRENQ==
left,K0NhN3dBc2h5eGMvTEJqQXBWRC9UT3dBZWkyeXFqUXRHYmRDR0NmOGF1dlVnNjBqRHRsbTI3aGFoQnFlL3hZcg==
horse,aUJFZWQrYzU1MndTRThMWjVEQXNqSkcrTGV3cyt4dlBzUllkaXJzSUVSdlRoOHRTaXdyQTdzYnFVVmttMkxJWQ==
blue feather,b1RTR1lIbThRNkJGZ0dTOVI4Q3JsY1VwY0FOYTJuTDdqUVRkd1lXTHBjUUswR2R6dGQzNXA1eHdJQmkzNGo5YTQwS25jOXFCSTBjQnJXamJEUlNGUWc9PQ==
blue feather,b1RTR1lIbThRNkJGZ0dTOVI4Q3JsY1VwY0FOYTJuTDdqUVRkd1lXTHBjUzdmNjZaSW1jVmtNM1RSTS80WkJ3UDNneitBdSt0Nnk3MmJGdDZqNHJFeHc9PQ==
fork,K3pEa2wvSDJZaDRvblViaUdFZ24yM2R3ck1SMldlci9BQUdnZGhxUU0yOG1jTlIzOFdmTkdtL1ZiWnlZZ3Z5Mw==
right,eWRoK0NEdHpLK0V5YndVS0l2RWZNbU0ybWdhbkg4UmFVUUM1YUZHZXR3dVBPMUo2Z2pUSmtZNDY4eUIwZmczZw==
yellow skirt,UEhYcEFyazlDUFNXYkl5VDUwRXNMRWxZYXdmTkdPTG5nNjFKY1lCT0ZqdnFPbG9mNDhEL2NQL2JNdStqWXpTMWpGLytKV3BneWlCbmxoemI1eFg4aVE9PQ==
yellow skirt,UEhYcEFyazlDUFNXYkl5VDUwRXNMRWxZYXdmTkdPTG5nNjFKY1lCT0ZqdHhBYm05TmJUTW5FeVlYdW5VUVJGRFM1Qit6VHZkQ3I5ejBLUGc4R2I3S0E9PQ==
cup,b1M1VCtMSHBPV1V6NlVCZ3M5bG41Zjh4bkdsTVpoYnhEVlJJdGZ3VXlsM0NRUVBRYjVpdVAycDEyd3dJejM3Qg==
candy,ZnNVaEVHdFdRdUpDM2ZNZjJmWmxqUU5maTd3TTh0WnB6TGIvSnN0OTdHbFlxRTUyZ01ObWoxbE1yL2I5K0p3Zg==
fork,OU9ka0p1QWxBUzEvU3JKWEVpU2Q3eWw4V1d4WFN2VVJ3ajRVZUNxYllFTFBTOWJNZ3JET1Fnc0R2SzRtSnc4bg==
yellow,OU9ka0p1QWxBUzEvU3JKWEVpU2Q3L1BwSHdLQXZFZm10SkVQMEVsazFQY0dFNkhNcFpkVkZhQ1ZucENJRzhKVQ==
green clothes,L3djM0FBVkRrOWs0S0RYRWN6WWRtN21FUlZ6YVM0eGZDSGgvOFFOeVVlSnI4anZvMGxqQkJnK0ZUY3BtWDkxYko1SG9EcU1LOTkrSi9DVFFKZjR4U3c9PQ==
green clothes,L3djM0FBVkRrOWs0S0RYRWN6WWRtN21FUlZ6YVM0eGZDSGgvOFFOeVVlSk9mWFlkQUNjWnlyeUtVU0pIQWVtWlliOXk2dWZEWGY3TVJRelZ5Yk0wcEE9PQ==
,TGVXTGdINVJzWTNYNEhyd2pJdEZOQ3pMTTM5VzEzbnllRDJhUUdXQlMrUWRUdzFTTGhBdlpmcjRyWWxYcHlKREN3WUJBZlRYT1JlYWpKTzlqL0QwYWc9PQ==
glasses,Umg1cXBYVThOclhyQkUrRTU3T2hHd2NJUGRRYzNjeitoTUtOLzYxcWI5N2x4VlJHMEFzOXNmQTM2R25lYXhQQzBlVkJSSjh2TEVKbGtWVkpSbGx0ZVE9PQ==
birthday,UldYaDhOcHY2N2tJSFFaY09MdDRkY0Y4WCt5cGpxbVJMVXdOSEpIQXFMYWxmVlg5d0RuKzhFQWVDd3JRZGY0bw==
ok,UldYaDhOcHY2N2tJSFFaY09MdDRkUnN5cnNlWGp6bjVHVm5mdTlOUTBoZHZaRHU2enh3N1owMEZaM0phaWRZUA==
apple,WVhhWk9xTVRFMzJqMS9VTzJnTUUzZTVTSldRejJZT0lGdjRkaFhoK1VmRmUxTzJlVmlpelRUMXhxTWZHek00UA==
down,c0wxcERvZEtRRWFDR0pYcnV6WU41cmdKK2hVUXMrVmVxQUkyZ0hST3k5Qm9aSm84K1NPUzRxSWJMMStqa1J6Vw==
black hair,cDVaN3JQN0x2MDIvTDAxVnkxanBkSnpaQmVVOVR5b25nMUFSdktnVHI3T3RVV2xOY25IYTM1blJSZ3U1UFUvdg==
left,VjBJOFVYNG1VNy9RWUdFZ2lRMm95YXJIV2YxWGc4WTF6azY1QXAvU2NOSEZrYzhlRUZUVHAzODdrWTQ3Sy9Ebg==
green flag,WS9WUnNTb3dSWmdSMWExVERTTTUvcjRUd2l4RkdyK2FBYTNBSk14N3d2MC83ditvWStkRVZvOGlWZ3htN21zMA==
,WS9WUnNTb3dSWmdSMWExVERTTTUvckxwak1xK3VrbGdxTG56TjhOQ0Z3YWt5VGNHQU44VlpmN1lSWHBhTVNUNw==
stand,SHJlcDlhMHNQUXNkbnUwWnVsNmVRcE9jVE5BaHpHS3FvcXNIVFA1U2NsNnJoRmF5azZMQ1pVYkF3NHAzQ1UxQ1Yzb1JBUURFeEVhazBISktjcEViWlE9PQ==
yellow,d0pYVGtFUTVlZlFJc0VITW8rMmFuTEcxR3k4N0o5ajkxVEovN3VvY0NSK2p0bkZKbFB2Szc2RVVoR3JVSTBrVw==
lazy,YzRuaHlQZVptYVRGck5nUnFSc3pSTW1RdzR5VEJ2SEhEamxXekdmWFhWYnJ2K1EydlR6aFUrZlZiZkJsS25HZg==
,dkF1cjlPU0NNRDY2UGs5U0hKRUVZem12N0xOTW1Xa2ZhL1NRTUsxNUU2WGhtNUdXMnU5N3V3RjlyQTh6TkxZQmVlNUVXRmd3bW1mTUt3WklQMmNUeGc9PQ==
red cloak,ZnpRMUhPYWhEUVlyblM0N21WQ2FreEhvWmtuYVZLQzFlVmh1T2cvWWlLdnBOL3NoV1hqcVdBdTFlRUNrY2d6NVIvcHkzNlg3eU5Rd2xNcUtPZ1NCZmc9PQ==
ok,UldYaDhOcHY2N2tJSFFaY09MdDRkWkJWbDJUUGw0REpROXBGcGJtM1BEWC9vRmxLTXk0Ni9MalB3ZUlESEdPYQ==
doll,NWNqZ1BxMmEvaVF1Wm1CYW5JU0Jqc2pzNFpIcnM0VjV4Tk9ENVhqdkNNbCtrTXFKQUpEeFF6UGJpZG1JM3NsMw==
beer,cDVaN3JQN0x2MDIvTDAxVnkxanBkSnpaQmVVOVR5b25nMUFSdktnVHI3TzVyOFlwbDBiSWg5VVF1Y2hjUjAzRA==
orange clothes,alVXSHdJMk9CUW83WW1hVEt0amtibXArWXE4a3Q1UTVuOUJlbmgzdjRWRmlWOTgxZWtYdG5PZjFubk8xN1QxT0daT0ZERThMQjB5c3VMaXpOUlEzTUN1RFo2cHpVVVFQbDRpeENOMEdXK1k9
king,bmhaZ1kxVzIwam51S0NmTzh1VFJsYi9GdVZOVzFlVVMxMjIxMjRmOHorVlJWQnlPTXVMUmtWWlV2VW80VkVZYQ==
king,bmhaZ1kxVzIwam51S0NmTzh1VFJsYnpTdFVOVVM2czJIU2FoNE5iS2w1aGhWYmVhT2xTMTM2MTlDQlFJOU80eA==
brown fur,dWpQaVU4dlRZSmg4VlVCTTNvMjZ1ZTNJSU1nczZLYkhOSXJtbmRxWWFUZFk3TUs1STVGbW5KZ3M2QmRtUWtNVFM1RGcrWUo3VVduSXBkU3RFYXZ0K2c9PQ==
brown fur,dWpQaVU4dlRZSmg4VlVCTTNvMjZ1ZTNJSU1nczZLYkhOSXJtbmRxWWFUY0pzVzRSaFRYZDIrOE1vSW1CMytNQUx6YnpDVUhRa1ArRVREbk9MdGpqbEE9PQ==
coffee,Yk1nSTBaQXhWNXV6NURJbldkaUFUMHpNSjZYOUVaazdPVU9ISi9qU2VKQjJVeDZEVXoxRTZCSVJzNzNYYS9kOA==
injured,cVVFTURJWjFaMURUakhUM2IvSmJrQm5pWGE1NmlrT0Jtd1NNMm82cWl1bXFCejlHdEdrM3Bmcnd3ckl4MFpCaW9XbnRDYkZBcUFFb3RneWRTRlEwL0E9PQ==
basketball,MnFwTlJKeno2a0N6NmJPd2pYVkk5K1l3MHhGQ1M2YU5MNGZJbjBsd2p2eHFkSUtmS0VMb2ZvMWErUmE1MXRrUC9DSVpGa012MnpLUmQ5c1pZWHZ4S0E9PQ==
black hair,ZnpRMUhPYWhEUVlyblM0N21WQ2FreEhvWmtuYVZLQzFlVmh1T2cvWWlLc1l1OXptU3FKc0VWQ2FvclZNbmRtQTh6aHYvd1pOVllBeFhLWEhEc0ZPenc9PQ==
yellow skirt,UEhYcEFyazlDUFNXYkl5VDUwRXNMRWxZYXdmTkdPTG5nNjFKY1lCT0ZqdWRRTmdRUGJWVjJGOTBnOE5seXRMQURzNzYvTHB4emlRMlVsck1pRXBDT0E9PQ==
orange clothes,alVXSHdJMk9CUW83WW1hVEt0amtibXArWXE4a3Q1UTVuOUJlbmgzdjRWRmlWOTgxZWtYdG5PZjFubk8xN1QxTzZhZmx2VFd3dWJVMVBqN1BqQ1VvMEhrL1lYSDhDOXFCYVpQbkF0SzRQajA9
boy black clothes,WXN2QS8vUWJ2V0xrMXp6dnhuU3FKVFlxc1JPRnJoYUo4S3o2ekc1RzFFeEFuL0FrSlpIYkJwdlo2TDI4RS9vUjNyVkpHQ25CT2F2a0dQSFZld1FWSHN2L1V5Z04xQVJ0TUZmUlFWU0F6NGtKbXBKblBNREdHS2NiNWF1Nk5jT2pLYngzd0tOQlE0NGp4OUFIWG1raytnPT0=
,WXN2QS8vUWJ2V0xrMXp6dnhuU3FKVFlxc1JPRnJoYUo4S3o2ekc1RzFFeEFuL0FrSlpIYkJwdlo2TDI4RS9vUjNyVkpHQ25CT2F2a0dQSFZld1FWSHN2L1V5Z04xQVJ0TUZmUlFWU0F6NG55K0ptTUowVHZTbmphZG5mVUVKbkRxTDA2a0tnZW5UZXpTQzNQV1lIRTJBPT0=
,SDZrMUdtQ2xPZkxqeTB6QWhuTzlldm11eEZ6RnhMMHJsM081UHZmSmxkZDByenBiWUd2OHM0azRCS1lZMlV6Tw==
food,SDZrMUdtQ2xPZkxqeTB6QWhuTzllc0tub0tLbVk2c0RubWpKN0lWQWg1VHh2NTRLb0VJeXArUnRPdTlVQlE0eA==
white cloud,UzEwVWdnNjY0Y0twZXZHUWRYZmVwL1ZESE9kZmppTXhTNDlKeEpIdEVYdEJnbkk4NXBIRlJYZVZQUEpwRVp6bEEvSnVYMnZjcWtES0xQWVlXaWxuc3c9PQ==
,UzEwVWdnNjY0Y0twZXZHUWRYZmVwL1ZESE9kZmppTXhTNDlKeEpIdEVYc1BVOHpiQVZYVDlBaXRTeWVadzVEWi96VkhqbElwNE1VUk5mdi9ZTElBaUE9PQ==
black clothes,ek5vOEhUVFROWVk3RlZFZXQraG9hUFhQV2xXZ2dyS3dJV1UzakdiS3h6OXF0elBFWGdFc1kwb3FDcTRMeXljRTJrY3FCeG5wd3Y2VUtQNnhBQ1FRSXc9PQ==
pizza,ZnNVaEVHdFdRdUpDM2ZNZjJmWmxqU1JxaXhZN1NWdnFWQndQOHB2czlkdGkxUGRId21mOUdvb1FOaFA5VzJETQ==
,OU9ka0p1QWxBUzEvU3JKWEVpU2Q3K1VnYjZDdHpHZkFOcXdzK1g3L2pLVWlzU0hVMzBTcEhvTGFFTjRXSHptSw==
,bWVQcTZCUDJ4VVE1MlRJOXcwRFRFZUZsdklpclB5dDJyK2MxTDgwaHM5Ry9Gc2dHRzBGYmJDRVJYSHMvWDRvVXZVNGVzTVB3LzRUTVl3bXpGT3RnQ0E9PQ==
eating,OU9ka0p1QWxBUzEvU3JKWEVpU2Q3L3dmcWxXdXJtbkk3RStYUXBCLzdEb2J4NWIveldoUEhVcWNaanc5RXQzUw==
eating,OU9ka0p1QWxBUzEvU3JKWEVpU2Q3emRFV2hsekRaWVp4WGFTVzloOXdxNkhkaHJycmZVT1Rqak5sajV0S2F5Tg==
,cVVFTURJWjFaMURUakhUM2IvSmJrQm5pWGE1NmlrT0Jtd1NNMm82cWl1bEtIWG1wU214RXBDU0UzVzFhM082WkNQTDBGMEZSWXY5LzhIL0RqdXYveUE9PQ==
injured,cVVFTURJWjFaMURUakhUM2IvSmJrQm5pWGE1NmlrT0Jtd1NNMm82cWl1a1dVd1dRdTlqZ21nbmtRRUFEb3NDbC9JN25hWVVNQW1qdGpEU1p4T2JiQUE9PQ==
,TGVXTGdINVJzWTNYNEhyd2pJdEZOQ3pMTTM5VzEzbnllRDJhUUdXQlMrUnBEMVphYWNXU3h6dW04SkxwSiszZXVsaVhjaTNGdWhMR2NMVEdBaEh6K3c9PQ==
,Z0MyUFcrOVFGVnBjSUhCUkg1STJrVExyVU5mZFNmYzRLS1MrQWQ3MnZHTzNaS1BuZWhveW5zZHU2RmFBYWo0Ug==
green clothes,NjZDUHc5TXArS3JvWnQyUjhXTllieTVHVGZvV2dZUWs1WHZ4eWYyeU1tR1hwaVdDLy9OMkRCOG10K2p3R3hKSFZYTkgyOCttbTBOTjdDYm1pZFhYZUE9PQ==
yawn,emU1aFJnV09hZ0p5VkJCTnlUMldzK1gzN2FRdGlHTXlWZk8rQXM3RDZnMlp0MkhzZ3F5ZElDZ3ZuelZqYXN2a2doYUFiUWdudXF6ZzFXQnJVMks1WjFkc293Z1pQYnN1VnRXSEt0VjVIa1k9
,0
,Z0MyUFcrOVFGVnBjSUhCUkg1STJrYmZraWIyaDE3YTl0cUkyQy9LcVZuRStlaS8xVFNKSk11Um5BcVFpcWJ4Uw==
no eyebrow,TTNZbXBJbGwra2lQZ0JQeGEwVVlrVlhDeTV1SHp6UjNhVk1uUGhtNUNsdWkxblNrSVUydllaRGZDNlhGRWdZNWRSYm1ycFhaaDdneFk5eTkzK3NYd04xNitrbXRMdVkwQ28xSVNWZmxPeEt1VTd4N3BHc2llT2FndWU2T090OWs=
,TTNZbXBJbGwra2lQZ0JQeGEwVVlrVlhDeTV1SHp6UjNhVk1uUGhtNUNsdWkxblNrSVUydllaRGZDNlhGRWdZNWRSYm1ycFhaaDdneFk5eTkzK3NYd0gvYmVReXlSVDlUUEZkcmoxMEIyV1BONjRvWHZpVlo4THUwN29TK2tRNjM=
,SWJDbmVOb21RSnBrbXhaSm9UN2lGVVY1Y2FjckZMczIvSktybVlUV3VLYitiYVhuS3ZaajZRN1o0RGJ1WWZYS28zRXh2WGpzRGYyZkRmaXh3Z2M2Ymc9PQ==
no eyebrow,TTNZbXBJbGwra2lQZ0JQeGEwVVlrVlhDeTV1SHp6UjNhVk1uUGhtNUNsdWkxblNrSVUydllaRGZDNlhGRWdZNWRSYm1ycFhaaDdneFk5eTkzK3NYd0Y1VmE2TFl1UUdRZjRhR0dKUkk3ZDRJNjlhS0hpL2lXTjltcDdja3EyL20=
,emU1aFJnV09hZ0p5VkJCTnlUMldzK1gzN2FRdGlHTXlWZk8rQXM3RDZnMlp0MkhzZ3F5ZElDZ3ZuelZqYXN2a3hQd3dJcEdHNnJMTjNkQjhZSDBSQy96TUhQK1RPbjJyZ1ViTmZhU3J0cXM9
black hair,L3djM0FBVkRrOWs0S0RYRWN6WWRtN21FUlZ6YVM0eGZDSGgvOFFOeVVlS3ExU0QvWk1NWlVFdkpoUG1mSm1SRUppUXcrbmpIYW90bHhya3BlNjErQmc9PQ==
,L3djM0FBVkRrOWs0S0RYRWN6WWRtN21FUlZ6YVM0eGZDSGgvOFFOeVVlSndiRUdnRzRsYk9OQ3pRdjdvaCthdkdFenBVTnpSR3RtVHVuaFo4c2pYSXc9PQ==
scythe,Uy9GeVlNaDBSYXpEdi9jNmpUV0U5VUQ0U0pMRm5nWmpVZHhIZGZWMWloekJvQjZCTHRoeGpqWGhubEMrSTQrMnFpVzBlOXFpL0JicE5xa2NDbklxNnc9PQ==
yellow skirt,UEhYcEFyazlDUFNXYkl5VDUwRXNMRWxZYXdmTkdPTG5nNjFKY1lCT0ZqdDBBTXZWTVpzdmkwTjZOb2NlMTc4aXZ4MUJ1N0dwVkp4SHdVYjZnNHl5Mnc9PQ==
yellow skirt,UEhYcEFyazlDUFNXYkl5VDUwRXNMRWxZYXdmTkdPTG5nNjFKY1lCT0ZqczdBQ3VjOUhNU3F3Zk41aG5pY3ZxVWZOdzI5ejdFcHNOY1N4N0dqajdBOWc9PQ==
black mask,TGVXTGdINVJzWTNYNEhyd2pJdEZOQ3pMTTM5VzEzbnllRDJhUUdXQlMrU1ZZSjVQRCthU0FxeGc3UHFzbWpyVnJBalFUM2ZUSzcxVTk4UDNQZC90RVE9PQ==
hold a carrot,Z0MyUFcrOVFGVnBjSUhCUkg1STJrV2lUWWJxRXRHSjVycjZKbzRtZGo2NWt1cVM2NkRZVWlmQUJxS29DR2NyUg==
,bWppb0M5blNHSis2YTk2RnZVZkxjUUc5M1F3bkZyeE5KcEhZSG0rZVMwbCtSWGFLRVF2L2JtZit6RjBpVnBQWTNWaGdpTmpBdEpmUDFaWngrODhZQWw3bElHS1dJZEFnci9nK2FvVG1zQzA9
,MENqeWJ1T2l4REoyek11eUp3QTFiT2NGOWd5VEtvMGQ3UVcrSXNnT2pkUkw0YTZnRk54dUUxcjEwcGQ1OG1zQg==
bicycle,MENqeWJ1T2l4REoyek11eUp3QTFiRDR4SlcwMHhJRzErcS81a0k1Y1RRVEpRWG5rcUVUb2dTT093QkNFZUZwZg==
,UnhmME9vR3YxNTU2Vy93dFR0d0FiU1MxTWxHQVFSUHpJb0RncSs4Ly95dzlKMU1NVUlHb0ZNZkhvcUloVjVOY3pDL1AzUUx3MmxDdEs2SXVtdGZ6NG9pYk9COVdqWUFFZHM5YWVwdGF3Y2M9
